Date,Category,Amount,Day of the Week,Description
2022-03-02 10:11:00,food,50.0,Unknown,Unknown
2022-03-02 10:11:00,other,300.0,Unknown,Unknown
2022-03-01 19:50:00,food,78.0,Unknown,Unknown
2022-03-01 18:56:00,transportation,30.0,Unknown,Unknown
2022-03-01 18:22:00,food,67.0,Unknown,Unknown
2022-03-01 18:22:00,other,100.0,Unknown,Unknown
2022-03-01 18:21:00,other,500.0,Unknown,Unknown
2022-02-28 11:56:00,food,339.15,Unknown,Unknown
2022-02-28 11:45:00,other,200.0,Unknown,Unknown
2022-02-27 15:29:00,food,243.0,Unknown,Unknown
2022-02-26 20:16:00,food,25.0,Unknown,Unknown
2022-02-26 17:37:00,other,1500.0,Unknown,Unknown
2022-02-26 17:37:00,other,100.0,Unknown,Unknown
2022-02-26 16:01:00,social life,1700.0,Unknown,Unknown
2022-02-26 14:07:00,food,40.0,Unknown,Unknown
2022-02-26 01:39:00,food,84.0,Unknown,Unknown
2022-02-25 12:08:00,food,33.0,Unknown,Unknown
2022-02-24 22:32:00,household,303.0,Unknown,Unknown
2022-02-24 22:21:00,food,289.0,Unknown,Unknown
2022-02-24 19:15:00,food,324.7,Unknown,Unknown
2022-02-23 17:35:00,apparel,399.0,Unknown,Unknown
2022-02-23 16:06:00,food,83.0,Unknown,Unknown
2022-02-23 12:38:00,apparel,399.0,Unknown,Unknown
2022-02-22 06:33:00,transportation,120.0,Unknown,Unknown
2022-02-21 22:15:00,transportation,1300.0,Unknown,Unknown
2022-02-21 16:06:00,transportation,138.0,Unknown,Unknown
2022-02-21 15:40:00,household,336.0,Unknown,Unknown
2022-02-21 15:38:00,transportation,201.8,Unknown,Unknown
2022-02-20 15:24:00,food,200.0,Unknown,Unknown
2022-02-19 23:03:00,food,111.0,Unknown,Unknown
2022-02-19 21:57:00,food,250.0,Unknown,Unknown
2022-02-19 21:35:00,transportation,1575.0,Unknown,Unknown
2022-02-19 20:45:00,transportation,200.0,Unknown,Unknown
2022-02-19 20:45:00,food,380.0,Unknown,Unknown
2022-02-19 08:26:00,transportation,60.0,Unknown,Unknown
2022-02-19 06:27:00,other,50.0,Unknown,Unknown
2022-02-19 06:18:00,transportation,270.0,Unknown,Unknown
2022-02-18 23:01:00,food,348.0,Unknown,Unknown
2022-02-17 13:11:00,food,80.0,Unknown,Unknown
2022-02-16 16:57:00,food,165.0,Unknown,Unknown
2022-02-16 16:57:00,food,475.0,Unknown,Unknown
2022-02-13 21:54:00,social life,100.0,Unknown,Unknown
2022-02-12 21:20:00,food,491.0,Unknown,Unknown
2022-02-12 16:04:00,household,70.0,Unknown,Unknown
2022-02-12 14:48:00,food,80.0,Unknown,Unknown
2022-02-12 14:47:00,other,10000.0,Unknown,Unknown
2022-02-11 22:41:00,food,373.0,Unknown,Unknown
2022-02-10 20:15:00,food,641.0,Unknown,Unknown
2022-02-08 10:37:00,other,1000.0,Unknown,Unknown
2022-02-08 09:18:00,household,2099.0,Unknown,Unknown
2022-02-07 07:08:00,transportation,214.0,Unknown,Unknown
2022-02-06 18:32:00,food,125.0,Unknown,Unknown
2022-02-06 17:53:00,food,150.0,Unknown,Unknown
2022-02-06 17:52:00,transportation,1000.0,Unknown,Unknown
2022-02-06 16:41:00,other,5000.0,Unknown,Unknown
2022-02-06 16:40:00,other,1500.0,Unknown,Unknown
2022-02-04 20:28:00,food,80.0,Unknown,Unknown
2022-02-03 14:53:00,food,50.0,Unknown,Unknown
2022-02-03 08:59:00,other,150.0,Unknown,Unknown
2022-02-02 20:15:00,food,120.0,Unknown,Unknown
2022-02-02 20:14:00,other,500.0,Unknown,Unknown
2022-01-31 08:44:00,transportation,50.0,Unknown,Unknown
2022-01-31 08:27:00,other,200.0,Unknown,Unknown
2022-01-31 08:26:00,transportation,153.0,Unknown,Unknown
2022-01-30 19:17:00,food,155.0,Unknown,Unknown
2022-01-30 19:01:00,food,120.0,Unknown,Unknown
2022-01-30 12:28:00,food,105.0,Unknown,Unknown
2022-01-29 21:56:00,transportation,44.0,Unknown,Unknown
2022-01-29 14:44:00,other,100.0,Unknown,Unknown
2022-01-28 21:58:00,food,10.0,Unknown,Unknown
2022-01-28 14:23:00,food,138.0,Unknown,Unknown
2022-01-27 21:25:00,transportation,43.0,Unknown,Unknown
2022-01-27 13:41:00,other,300.0,Unknown,Unknown
2022-01-27 13:41:00,other,100.0,Unknown,Unknown
2022-01-27 13:39:00,food,279.0,Unknown,Unknown
2022-01-27 13:38:00,other,300.0,Unknown,Unknown
2022-01-27 13:38:00,other,1500.0,Unknown,Unknown
2022-01-26 17:45:00,food,115.0,Unknown,Unknown
2022-01-26 17:45:00,other,125.0,Unknown,Unknown
2022-01-26 16:52:00,food,25.0,Unknown,Unknown
2022-01-25 13:35:00,food,259.0,Unknown,Unknown
2022-01-25 10:23:00,food,18.0,Unknown,Unknown
2022-01-25 09:20:00,transportation,325.0,Unknown,Unknown
2022-01-24 20:17:00,food,40.0,Unknown,Unknown
2022-01-24 14:08:00,food,133.0,Unknown,Unknown
2022-01-23 21:45:00,food,40.0,Unknown,Unknown
2022-01-23 21:41:00,food,465.0,Unknown,Unknown
2022-01-23 21:29:00,food,300.0,Unknown,Unknown
2022-01-23 21:29:00,food,302.0,Unknown,Unknown
2022-01-23 21:29:00,other,310.0,Unknown,Unknown
2022-01-23 21:27:00,food,176.0,Unknown,Unknown
2022-01-23 21:27:00,social life,200.0,Unknown,Unknown
2022-01-23 21:27:00,other,2000.0,Unknown,Unknown
2022-01-21 14:22:00,food,188.0,Unknown,Unknown
2022-01-21 11:47:00,food,37.0,Unknown,Unknown
2022-01-21 11:47:00,other,200.0,Unknown,Unknown
2022-01-19 14:27:00,food,171.0,Unknown,Unknown
2022-01-18 20:54:00,food,301.15,Unknown,Unknown
2022-01-18 17:10:00,food,59.0,Unknown,Unknown
2022-01-18 13:51:00,food,148.0,Unknown,Unknown
2022-01-18 12:59:00,other,200.0,Unknown,Unknown
2022-01-18 12:59:00,other,1000.0,Unknown,Unknown
2022-01-17 18:31:00,food,100.0,Unknown,Unknown
2022-01-15 21:17:00,transportation,1365.0,Unknown,Unknown
2022-01-15 21:16:00,other,1500.0,Unknown,Unknown
2022-01-15 21:16:00,food,70.0,Unknown,Unknown
2022-01-14 16:58:00,other,170.0,Unknown,Unknown
2022-01-14 16:56:00,other,70.0,Unknown,Unknown
2022-01-14 16:56:00,other,340.0,Unknown,Unknown
2022-01-14 16:55:00,other,240.0,Unknown,Unknown
2022-01-14 16:54:00,other,340.0,Unknown,Unknown
2022-01-14 16:54:00,food,1530.0,Unknown,Unknown
2022-01-13 20:46:00,food,66.0,Unknown,Unknown
2022-01-13 19:10:00,other,1000.0,Unknown,Unknown
2022-01-13 17:47:00,transportation,43.0,Unknown,Unknown
2022-01-12 22:44:00,other,479.0,Unknown,Unknown
2022-01-12 13:25:00,food,301.75,Unknown,Unknown
2022-01-12 13:25:00,other,200.0,Unknown,Unknown
2022-01-11 14:07:00,food,135.5,Unknown,Unknown
2022-01-10 14:04:00,food,106.0,Unknown,Unknown
2022-01-08 13:46:00,other,260.0,Unknown,Unknown
2022-01-08 13:45:00,food,535.3,Unknown,Unknown
2022-01-08 13:38:00,household,4580.0,Unknown,Unknown
2022-01-07 13:51:00,food,15.0,Unknown,Unknown
2022-01-06 21:30:00,other,440.0,Unknown,Unknown
2022-01-06 20:58:00,food,20.0,Unknown,Unknown
2022-01-06 20:13:00,food,877.81,Unknown,Unknown
2022-01-06 14:22:00,food,10.0,Unknown,Unknown
2022-01-06 11:48:00,transportation,42.0,Unknown,Unknown
2022-01-05 20:23:00,food,211.0,Unknown,Unknown
2022-01-05 14:46:00,other,40.0,Unknown,Unknown
2022-01-05 14:42:00,other,30.0,Unknown,Unknown
2022-01-05 14:42:00,food,354.0,Unknown,Unknown
2022-01-05 14:39:00,other,500.0,Unknown,Unknown
2022-01-05 14:37:00,other,500.0,Unknown,Unknown
2022-01-05 14:35:00,transportation,60.0,Unknown,Unknown
2022-01-05 14:30:00,food,388.0,Unknown,Unknown
2022-01-04 22:11:00,education,1400.0,Unknown,Unknown
2022-01-04 22:10:00,salary,8000.0,Unknown,Unknown
2022-01-04 13:53:00,food,106.0,Unknown,Unknown
2022-01-04 08:01:00,other,80.0,Unknown,Unknown
2022-01-04 07:58:00,food,107.0,Unknown,Unknown
2022-01-03 22:15:00,food,10.0,Unknown,Unknown
2022-01-03 21:54:00,other,201.0,Unknown,Unknown
2022-01-03 21:12:00,other,5.0,Unknown,Unknown
2022-01-03 21:11:00,other,140.0,Unknown,Unknown
2022-01-03 14:31:00,food,300.0,Unknown,Unknown
2022-01-03 14:30:00,other,300.0,Unknown,Unknown
2022-01-02 20:33:00,other,8.0,Unknown,Unknown
2022-01-02 20:32:00,food,200.0,Unknown,Unknown
2022-01-02 14:16:00,transportation,725.0,Unknown,Unknown
2022-01-01 21:46:00,food,85.0,Unknown,Unknown
2022-01-01 21:45:00,allowance,1000.0,Unknown,Unknown
2021-12-30 14:10:00,food,20.0,Unknown,Unknown
2021-12-30 13:56:00,transportation,43.0,Unknown,Unknown
2021-12-30 13:36:00,other,30.0,Unknown,Unknown
2021-12-30 12:43:00,food,25.0,Unknown,Unknown
2021-12-30 12:38:00,transportation,199.0,Unknown,Unknown
2021-12-30 12:37:00,other,250.0,Unknown,Unknown
2021-12-30 11:45:00,food,20.0,Unknown,Unknown
2021-12-30 11:45:00,other,20.0,Unknown,Unknown
2021-12-30 11:45:00,transportation,286.0,Unknown,Unknown
2021-12-30 11:44:00,other,250.0,Unknown,Unknown
2021-12-28 13:42:00,food,14.0,Unknown,Unknown
2021-12-27 13:45:00,food,115.0,Unknown,Unknown
2021-12-27 13:44:00,other,80.0,Unknown,Unknown
2021-12-27 12:33:00,other,40.0,Unknown,Unknown
2021-12-27 12:33:00,food,50.0,Unknown,Unknown
2021-12-25 22:53:00,food,504.0,Unknown,Unknown
2021-12-25 20:46:00,transportation,306.0,Unknown,Unknown
2021-12-25 19:50:00,self-development,400.0,Unknown,Unknown
2021-12-25 17:01:00,food,30.0,Unknown,Unknown
2021-12-25 15:35:00,food,30.0,Unknown,Unknown
2021-12-25 13:32:00,food,40.0,Unknown,Unknown
2021-12-24 21:49:00,social life,150.0,Unknown,Unknown
2021-12-24 14:35:00,food,262.0,Unknown,Unknown
2021-12-23 16:31:00,food,15.0,Unknown,Unknown
2021-12-23 13:51:00,food,32.0,Unknown,Unknown
2021-12-21 20:53:00,food,239.0,Unknown,Unknown
2021-12-21 14:02:00,food,25.0,Unknown,Unknown
2021-12-21 11:43:00,food,18.0,Unknown,Unknown
2021-12-20 19:23:00,food,80.0,Unknown,Unknown
2021-12-20 19:22:00,transportation,80.0,Unknown,Unknown
2021-12-20 16:55:00,food,20.0,Unknown,Unknown
2021-12-20 15:29:00,food,20.0,Unknown,Unknown
2021-12-20 13:35:00,food,85.0,Unknown,Unknown
2021-12-20 09:46:00,food,40.0,Unknown,Unknown
2021-12-19 15:51:00,other,100.0,Unknown,Unknown
2021-12-18 21:01:00,other,100.0,Unknown,Unknown
2021-12-18 21:01:00,other,200.0,Unknown,Unknown
2021-12-18 21:00:00,food,113.0,Unknown,Unknown
2021-12-18 21:00:00,allowance,1000.0,Unknown,Unknown
2021-12-18 19:52:00,other,400.0,Unknown,Unknown
2021-12-18 19:51:00,social life,363.72,Unknown,Unknown
2021-12-18 14:19:00,food,160.0,Unknown,Unknown
2021-12-17 18:54:00,food,70.0,Unknown,Unknown
2021-12-17 14:45:00,food,110.0,Unknown,Unknown
2021-12-17 08:35:00,other,50.0,Unknown,Unknown
2021-12-16 18:44:00,food,30.0,Unknown,Unknown
2021-12-16 18:35:00,food,20.0,Unknown,Unknown
2021-12-16 13:38:00,food,30.0,Unknown,Unknown
2021-12-16 10:42:00,food,110.0,Unknown,Unknown
2021-12-14 23:54:00,food,40.0,Unknown,Unknown
2021-12-14 21:21:00,food,75.0,Unknown,Unknown
2021-12-14 21:03:00,food,80.0,Unknown,Unknown
2021-12-14 15:18:00,food,74.0,Unknown,Unknown
2021-12-14 10:33:00,food,65.0,Unknown,Unknown
2021-12-12 21:47:00,food,25.0,Unknown,Unknown
2021-12-11 09:22:00,allowance,1000.0,Unknown,Unknown
2021-12-11 08:20:00,other,240.0,Unknown,Unknown
2021-12-10 21:38:00,food,241.0,Unknown,Unknown
2021-12-10 20:55:00,food,195.0,Unknown,Unknown
2021-12-09 20:03:00,food,40.0,Unknown,Unknown
2021-12-09 14:01:00,food,280.0,Unknown,Unknown
2021-12-09 09:56:00,food,25.0,Unknown,Unknown
2021-12-09 08:47:00,food,110.0,Unknown,Unknown
2021-12-08 14:15:00,food,100.0,Unknown,Unknown
2021-12-08 14:15:00,food,15.0,Unknown,Unknown
2021-12-08 07:17:00,food,10.0,Unknown,Unknown
2021-12-07 09:54:00,food,25.0,Unknown,Unknown
2021-12-07 07:59:00,food,15.0,Unknown,Unknown
2021-12-06 21:59:00,food,25.0,Unknown,Unknown
2021-12-06 20:07:00,apparel,500.0,Unknown,Unknown
2021-12-06 19:57:00,apparel,140.0,Unknown,Unknown
2021-12-06 14:08:00,food,150.0,Unknown,Unknown
2021-12-05 19:45:00,food,25.0,Unknown,Unknown
2021-12-05 18:41:00,apparel,1800.0,Unknown,Unknown
2021-12-05 12:23:00,household,4800.0,Unknown,Unknown
2021-12-05 12:23:00,allowance,8000.0,Unknown,Unknown
2021-12-04 21:05:00,food,324.0,Unknown,Unknown
2021-12-04 20:20:00,food,65.0,Unknown,Unknown
2021-12-04 13:54:00,other,30.0,Unknown,Unknown
2021-12-04 10:13:00,food,200.0,Unknown,Unknown
2021-12-03 21:59:00,food,25.0,Unknown,Unknown
2021-12-03 21:59:00,apparel,130.0,Unknown,Unknown
2021-12-03 21:28:00,apparel,20.0,Unknown,Unknown
2021-12-03 21:28:00,food,40.0,Unknown,Unknown
2021-12-03 21:28:00,allowance,1000.0,Unknown,Unknown
2021-12-02 20:07:00,food,504.0,Unknown,Unknown
2021-12-02 19:48:00,food,75.0,Unknown,Unknown
2021-12-01 19:57:00,beauty,196.0,Unknown,Unknown
2021-12-01 14:00:00,food,160.0,Unknown,Unknown
2021-11-30 14:24:00,gift,115.0,Unknown,Unknown
2021-11-30 14:17:00,food,128.0,Unknown,Unknown
2021-11-30 10:11:00,food,70.0,Unknown,Unknown
2021-11-29 20:47:00,food,40.0,Unknown,Unknown
2021-11-29 20:47:00,food,50.0,Unknown,Unknown
2021-11-29 20:09:00,food,40.0,Unknown,Unknown
2021-11-29 09:29:00,food,40.0,Unknown,Unknown
2021-11-28 19:59:00,food,94.0,Unknown,Unknown
2021-11-28 13:10:00,food,269.4,Unknown,Unknown
2021-11-27 23:14:00,food,120.0,Unknown,Unknown
2021-11-27 22:34:00,food,130.0,Unknown,Unknown
2021-11-27 18:41:00,transportation,35.0,Unknown,Unknown
2021-11-27 13:46:00,food,75.0,Unknown,Unknown
2021-11-27 13:46:00,allowance,2000.0,Unknown,Unknown
2021-11-27 09:33:00,food,30.0,Unknown,Unknown
2021-11-26 21:56:00,food,150.0,Unknown,Unknown
2021-11-26 20:57:00,food,102.0,Unknown,Unknown
2021-11-26 20:15:00,food,40.0,Unknown,Unknown
2021-11-26 14:14:00,petty cash,3.0,Unknown,Unknown
2021-11-26 14:14:00,food,150.0,Unknown,Unknown
2021-11-26 09:22:00,food,60.0,Unknown,Unknown
2021-11-25 20:27:00,food,145.0,Unknown,Unknown
2021-11-25 20:27:00,transportation,58.0,Unknown,Unknown
2021-11-25 20:27:00,food,95.0,Unknown,Unknown
2021-11-24 19:26:00,food,15.0,Unknown,Unknown
2021-11-24 19:23:00,food,70.0,Unknown,Unknown
2021-11-24 19:06:00,food,20.0,Unknown,Unknown
2021-11-24 19:06:00,transportation,58.0,Unknown,Unknown
2021-11-23 22:53:00,transportation,50.0,Unknown,Unknown
2021-11-23 22:53:00,food,179.0,Unknown,Unknown
2021-11-22 14:16:00,food,90.0,Unknown,Unknown
2021-11-22 14:16:00,food,97.0,Unknown,Unknown
2021-11-21 17:07:00,transportation,130.0,Unknown,Unknown
2021-11-21 15:50:00,food,875.0,Unknown,Unknown
2021-11-21 13:30:00,other,2000.0,Unknown,Unknown
2018-08-03 00:00:00,bills,-1360.0,Friday,Rent
2018-08-04 00:00:00,groceries,-117.89,Saturday,No Description
2018-08-04 00:00:00,merchandise,-34.27,Saturday,Makeup/Skin Care
2018-08-04 00:00:00,merchandise,-21.59,Saturday,Amazon
2018-08-05 00:00:00,merchandise,-10.79,Sunday,Amazon
2018-08-10 00:00:00,merchandise,-30.78,Friday,Amazon
2018-08-11 00:00:00,merchandise,-34.76,Saturday,Clothes
2018-08-12 00:00:00,merchandise,-12.54,Sunday,Amazon
2018-09-04 00:00:00,bills,-1360.0,Tuesday,Rent
2018-09-10 00:00:00,groceries,-122.52,Monday,No Description
2018-09-10 00:00:00,groceries,-50.0,Monday,No Description
2018-10-01 00:00:00,bills,-1380.0,Monday,Rent
2018-10-01 00:00:00,pharmacy,-9.1,Monday,No Description
2018-10-01 00:00:00,food,-7.72,Monday,No Description
2018-10-01 00:00:00,wire transfer,113.54,Monday,No Description
2018-10-02 00:00:00,merchandise,-55.1,Tuesday,Clothes
2018-10-02 00:00:00,merchandise,-36.38,Tuesday,Clothes
2018-10-03 00:00:00,merchandise,-23.8,Wednesday,Amazon
2018-10-04 00:00:00,groceries,-20.0,Thursday,No Description
2018-10-04 00:00:00,wire transfer,-15.0,Thursday,No Description
2018-10-04 00:00:00,wire transfer,7700.0,Thursday,No Description
2018-10-05 00:00:00,merchandise,-14.99,Friday,Amazon
2018-10-05 00:00:00,uber/lyft,-7.6,Friday,No Description
2018-10-06 00:00:00,merchandise,-9.8,Saturday,Best Buy
2018-10-09 00:00:00,food,-19.33,Tuesday,No Description
2018-10-09 00:00:00,wire transfer,-15.0,Tuesday,No Description
2018-10-09 00:00:00,uber/lyft,-7.6,Tuesday,No Description
2018-10-09 00:00:00,direct deposit,151.48,Tuesday,No Description
2018-10-09 00:00:00,tuition,19460.0,Tuesday,No Description
2018-10-10 00:00:00,groceries,-80.81,Wednesday,No Description
2018-10-10 00:00:00,groceries,-35.34,Wednesday,No Description
2018-10-10 00:00:00,merchandise,-9.99,Wednesday,Amazon
2018-10-10 00:00:00,merchandise,-1.62,Wednesday,Amazon
2018-10-11 00:00:00,groceries,-89.43,Thursday,No Description
2018-10-12 00:00:00,food,-15.1,Friday,No Description
2018-10-12 00:00:00,merchandise,-7.48,Friday,Amazon
2018-10-12 00:00:00,merchandise,-7.4,Friday,Amazon
2018-10-12 00:00:00,direct deposit,27.95,Friday,No Description
2018-11-01 00:00:00,merchandise,-27.48,Thursday,Amazon
2018-11-01 00:00:00,food,-3.34,Thursday,Coffee
2018-11-01 00:00:00,groceries,-1.0,Thursday,No Description
2018-11-01 00:00:00,direct deposit,137.62,Thursday,No Description
2018-11-02 00:00:00,bills,-1360.0,Friday,Rent
2018-11-02 00:00:00,bills,-1.95,Friday,Rent
2018-11-05 00:00:00,merchandise,-21.33,Monday,Amazon
2018-11-05 00:00:00,merchandise,-17.53,Monday,Amazon
2018-11-05 00:00:00,merchandise,-2.48,Monday,Amazon
2018-11-06 00:00:00,groceries,-40.11,Tuesday,No Description
2018-11-07 00:00:00,merchandise,-62.39,Wednesday,Amazon
2018-11-08 00:00:00,groceries,-141.42,Thursday,No Description
2018-11-08 00:00:00,groceries,-32.2,Thursday,No Description
2018-11-08 00:00:00,food,-6.48,Thursday,No Description
2018-11-08 00:00:00,direct deposit,197.71,Thursday,No Description
2018-12-02 00:00:00,merchandise,-33.79,Sunday,Amazon
2018-12-02 00:00:00,merchandise,-5.99,Sunday,Amazon
2018-12-02 00:00:00,merchandise,-1.55,Sunday,Amazon
2018-12-03 00:00:00,bills,-1360.0,Monday,Rent
2018-12-03 00:00:00,merchandise,-35.98,Monday,Amazon
2018-12-03 00:00:00,entertainment,-0.99,Monday,No Description
2018-12-04 00:00:00,bills,-27.25,Tuesday,Rent
2018-12-04 00:00:00,merchandise,-22.99,Tuesday,Amazon
2018-12-04 00:00:00,merchandise,-16.08,Tuesday,Amazon
2018-12-04 00:00:00,bills,-1.95,Tuesday,Rent
2018-12-05 00:00:00,groceries,-66.56,Wednesday,No Description
2018-12-06 00:00:00,direct deposit,96.41,Thursday,No Description
2018-12-07 00:00:00,merchandise,-22.98,Friday,Amazon
2018-12-07 00:00:00,merchandise,2.25,Friday,Amazon
2018-12-09 00:00:00,merchandise,-9.29,Sunday,Amazon
2018-12-10 00:00:00,groceries,-18.87,Monday,No Description
2018-12-10 00:00:00,direct deposit,258.17,Monday,No Description
2018-12-11 00:00:00,groceries,-106.75,Tuesday,No Description
2018-12-11 00:00:00,wire transfer,7500.0,Tuesday,No Description
2018-12-11 00:00:00,wire transfer,-15.0,Tuesday,No Description
2018-12-12 00:00:00,direct deposit,218.85,Wednesday,No Description
2019-01-01 00:00:00,merchandise,-16.2,Tuesday,Makeup/Skin Care
2019-01-02 00:00:00,merchandise,-72.05,Wednesday,Clothes
2019-01-02 00:00:00,merchandise,-45.83,Wednesday,Makeup/Skin Care
2019-01-02 00:00:00,merchandise,-43.58,Wednesday,Makeup/Skin Care
2019-01-02 00:00:00,merchandise,-11.74,Wednesday,Amazon
2019-01-02 00:00:00,merchandise,-9.35,Wednesday,Clothes
2019-01-03 00:00:00,groceries,-34.7,Thursday,No Description
2019-01-03 00:00:00,merchandise,-31.11,Thursday,Amazon
2019-01-03 00:00:00,merchandise,-9.99,Thursday,Amazon
2019-01-03 00:00:00,food,-4.2,Thursday,No Description
2019-01-03 00:00:00,food,-3.78,Thursday,No Description
2019-01-05 00:00:00,food,-17.17,Saturday,No Description
2019-01-05 00:00:00,food,-10.0,Saturday,No Description
2019-01-05 00:00:00,food,-8.59,Saturday,No Description
2019-01-07 00:00:00,travel,-460.8,Monday,No Description
2019-01-07 00:00:00,merchandise,-10.79,Monday,Amazon
2019-01-08 00:00:00,merchandise,-117.27,Tuesday,Makeup/Skin Care
2019-01-08 00:00:00,travel,-100.0,Tuesday,No Description
2019-01-08 00:00:00,merchandise,-52.52,Tuesday,Clothes
2019-01-08 00:00:00,groceries,-44.19,Tuesday,No Description
2019-01-08 00:00:00,merchandise,-28.05,Tuesday,Clothes
2019-01-08 00:00:00,uber/lyft,-17.52,Tuesday,No Description
2019-01-08 00:00:00,merchandise,-13.51,Tuesday,Clothes
2019-01-08 00:00:00,tuition,-9.99,Tuesday,No Description
2019-01-08 00:00:00,merchandise,-7.75,Tuesday,Clothes
2019-01-08 00:00:00,food,-3.51,Tuesday,Starbucks
2019-01-09 00:00:00,food,-17.0,Wednesday,No Description
2019-01-09 00:00:00,uber/lyft,-9.66,Wednesday,No Description
2019-01-09 00:00:00,food,-2.16,Wednesday,No Description
2019-01-09 00:00:00,direct deposit,50.96,Wednesday,No Description
2019-01-10 00:00:00,uber/lyft,-9.14,Thursday,No Description
2019-01-11 00:00:00,bills,-44.4,Friday,Phone
2019-01-11 00:00:00,uber/lyft,-8.03,Friday,No Description
2019-01-11 00:00:00,merchandise,13.99,Friday,Amazon
2019-02-01 00:00:00,food,-25.0,Friday,Super Card
2019-02-04 00:00:00,groceries,-144.04,Monday,No Description
2019-02-04 00:00:00,groceries,-17.98,Monday,No Description
2019-02-05 00:00:00,groceries,-60.66,Tuesday,No Description
2019-02-06 00:00:00,food,-17.01,Wednesday,No Description
2019-02-06 00:00:00,groceries,-7.35,Wednesday,No Description
2019-02-06 00:00:00,direct deposit,46.85,Wednesday,No Description
2019-02-06 00:00:00,direct deposit,140.56,Wednesday,No Description
2019-02-09 00:00:00,merchandise,-23.17,Saturday,Makeup/Skin Care
2019-02-09 00:00:00,entertainment,-17.0,Saturday,No Description
2019-02-09 00:00:00,merchandise,-3.23,Saturday,Best Buy
2019-02-11 00:00:00,bills,-44.4,Monday,Phone
2019-02-11 00:00:00,merchandise,-43.98,Monday,Amazon
2019-02-11 00:00:00,uber/lyft,-10.28,Monday,No Description
2019-02-11 00:00:00,uber/lyft,-10.08,Monday,No Description
2019-02-11 00:00:00,entertainment,-4.99,Monday,No Description
2019-02-12 00:00:00,groceries,-37.33,Tuesday,No Description
2019-03-01 00:00:00,merchandise,-13.0,Friday,Amazon
2019-03-01 00:00:00,food,-8.63,Friday,No Description
2019-03-01 00:00:00,food,-6.37,Friday,Coffee
2019-03-01 00:00:00,merchandise,29.34,Friday,Amazon
2019-03-04 00:00:00,bills,-2730.0,Monday,Rent
2019-03-04 00:00:00,groceries,-99.0,Monday,No Description
2019-03-04 00:00:00,groceries,-55.0,Monday,No Description
2019-03-04 00:00:00,wire transfer,-15.0,Monday,No Description
2019-03-04 00:00:00,bills,-1.95,Monday,Rent
2019-03-04 00:00:00,tuition,20950.0,Monday,No Description
2019-03-06 00:00:00,direct deposit,10.73,Wednesday,No Description
2019-03-06 00:00:00,direct deposit,32.19,Wednesday,No Description
2019-03-07 00:00:00,food,-25.0,Thursday,Super Card
2019-03-07 00:00:00,uber/lyft,-7.14,Thursday,No Description
2019-03-07 00:00:00,merchandise,10.0,Thursday,Amazon
2019-03-08 00:00:00,merchandise,-51.76,Friday,Makeup/Skin Care
2019-03-08 00:00:00,food,-45.0,Friday,No Description
2019-03-08 00:00:00,merchandise,-6.48,Friday,Clothes
2019-03-09 00:00:00,merchandise,-19.99,Saturday,Amazon
2019-03-09 00:00:00,merchandise,-5.3,Saturday,Amazon
2019-03-11 00:00:00,tuition,-19340.0,Monday,No Description
2019-03-11 00:00:00,food,-25.0,Monday,Starbucks
2019-03-11 00:00:00,food,-24.7,Monday,No Description
2019-03-11 00:00:00,groceries,-22.48,Monday,No Description
2019-03-11 00:00:00,groceries,-17.98,Monday,No Description
2019-03-11 00:00:00,uber/lyft,-10.41,Monday,No Description
2019-03-11 00:00:00,uber/lyft,-8.28,Monday,No Description
2019-03-11 00:00:00,merchandise,-6.93,Monday,Amazon
2019-03-11 00:00:00,entertainment,-4.99,Monday,No Description
2019-03-11 00:00:00,merchandise,5.18,Monday,Amazon
2019-03-12 00:00:00,bills,-44.4,Tuesday,Phone
2019-04-01 00:00:00,groceries,-90.7,Monday,No Description
2019-04-01 00:00:00,groceries,-48.97,Monday,No Description
2019-04-01 00:00:00,uber/lyft,-7.24,Monday,No Description
2019-04-01 00:00:00,merchandise,-5.0,Monday,Sub Box
2019-04-02 00:00:00,uber/lyft,-5.57,Tuesday,No Description
2019-04-02 00:00:00,food,-4.99,Tuesday,No Description
2019-04-03 00:00:00,uber/lyft,-7.34,Wednesday,No Description
2019-04-03 00:00:00,direct deposit,11.02,Wednesday,No Description
2019-04-03 00:00:00,direct deposit,33.06,Wednesday,No Description
2019-04-04 00:00:00,merchandise,-15.0,Thursday,Makeup/Skin Care
2019-04-04 00:00:00,merchandise,-10.8,Thursday,Sub Box
2019-04-04 00:00:00,merchandise,-10.8,Thursday,Sub Box
2019-04-04 00:00:00,food,-7.23,Thursday,No Description
2019-04-04 00:00:00,other,-0.56,Thursday,No Description
2019-04-05 00:00:00,entertainment,-52.0,Friday,No Description
2019-04-05 00:00:00,food,-25.0,Friday,Super Card
2019-04-05 00:00:00,bills,2.74,Friday,Credit Card
2019-04-06 00:00:00,food,-22.19,Saturday,No Description
2019-04-07 00:00:00,food,-17.26,Sunday,No Description
2019-04-07 00:00:00,food,-7.65,Sunday,Coffee
2019-04-07 00:00:00,groceries,-7.37,Sunday,No Description
2019-04-08 00:00:00,merchandise,-13.67,Monday,Amazon
2019-04-08 00:00:00,merchandise,-10.8,Monday,Makeup/Skin Care
2019-04-08 00:00:00,entertainment,-8.25,Monday,No Description
2019-04-08 00:00:00,uber/lyft,-7.11,Monday,No Description
2019-04-08 00:00:00,direct deposit,35.95,Monday,No Description
2019-04-09 00:00:00,uber/lyft,-6.07,Tuesday,No Description
2019-04-10 00:00:00,groceries,-56.66,Wednesday,No Description
2019-04-10 00:00:00,bills,-44.4,Wednesday,Phone
2019-04-10 00:00:00,food,-25.0,Wednesday,Super Card
2019-04-10 00:00:00,food,-17.0,Wednesday,No Description
2019-04-10 00:00:00,other,-5.28,Wednesday,No Description
2019-04-10 00:00:00,food,-2.43,Wednesday,Coffee
2019-04-10 00:00:00,merchandise,3.95,Wednesday,Amazon
2019-04-10 00:00:00,merchandise,14.52,Wednesday,Amazon
2019-04-12 00:00:00,food,-25.0,Friday,Super Card
2019-04-12 00:00:00,merchandise,-24.99,Friday,Amazon
2019-05-01 00:00:00,food,-6.47,Wednesday,No Description
2019-05-02 00:00:00,groceries,-15.1,Thursday,No Description
2019-05-03 00:00:00,bills,-1360.0,Friday,Rent
2019-05-03 00:00:00,bills,-1.95,Friday,Rent
2019-05-06 00:00:00,groceries,-45.36,Monday,No Description
2019-05-06 00:00:00,groceries,-43.73,Monday,No Description
2019-05-06 00:00:00,food,-25.0,Monday,Super Card
2019-05-06 00:00:00,food,-24.56,Monday,No Description
2019-05-06 00:00:00,merchandise,-10.8,Monday,Sub Box
2019-05-06 00:00:00,merchandise,-10.8,Monday,Sub Box
2019-05-06 00:00:00,uber/lyft,-10.32,Monday,No Description
2019-05-06 00:00:00,uber/lyft,-8.23,Monday,No Description
2019-05-06 00:00:00,groceries,-6.03,Monday,No Description
2019-05-07 00:00:00,groceries,-80.48,Tuesday,No Description
2019-05-07 00:00:00,bills,3.56,Tuesday,Credit Card
2019-05-09 00:00:00,groceries,-54.83,Thursday,No Description
2019-05-10 00:00:00,bills,-44.4,Friday,Phone
2019-05-10 00:00:00,merchandise,-22.0,Friday,Clothes
2019-05-10 00:00:00,merchandise,-16.19,Friday,Makeup/Skin Care
2019-05-10 00:00:00,uber/lyft,-6.07,Friday,No Description
2019-05-11 00:00:00,food,-24.0,Saturday,No Description
2019-05-11 00:00:00,merchandise,-15.57,Saturday,Amazon
2019-05-11 00:00:00,merchandise,-14.52,Saturday,Amazon
2019-05-11 00:00:00,uber/lyft,-9.36,Saturday,No Description
2019-05-11 00:00:00,uber/lyft,-7.15,Saturday,No Description
2019-06-02 00:00:00,merchandise,-289.67,Sunday,Best Buy
2019-06-02 00:00:00,food,-36.89,Sunday,No Description
2019-06-02 00:00:00,merchandise,-28.45,Sunday,Amazon
2019-06-03 00:00:00,groceries,-57.49,Monday,No Description
2019-06-03 00:00:00,merchandise,-19.48,Monday,Amazon
2019-06-03 00:00:00,merchandise,-9.5,Monday,Amazon
2019-06-03 00:00:00,merchandise,-7.56,Monday,Amazon
2019-06-03 00:00:00,merchandise,-5.98,Monday,Amazon
2019-06-03 00:00:00,merchandise,-4.67,Monday,Amazon
2019-06-03 00:00:00,merchandise,-3.7,Monday,Amazon
2019-06-03 00:00:00,direct deposit,42.17,Monday,No Description
2019-06-03 00:00:00,direct deposit,216.05,Monday,No Description
2019-06-04 00:00:00,merchandise,-26.6,Tuesday,Clothes
2019-06-04 00:00:00,uber/lyft,-8.75,Tuesday,No Description
2019-06-04 00:00:00,merchandise,-8.39,Tuesday,Best Buy
2019-06-04 00:00:00,uber/lyft,-7.75,Tuesday,No Description
2019-06-05 00:00:00,travel,-27.65,Wednesday,No Description
2019-06-05 00:00:00,food,-11.43,Wednesday,No Description
2019-06-05 00:00:00,uber/lyft,-8.86,Wednesday,No Description
2019-06-05 00:00:00,merchandise,-7.55,Wednesday,Amazon
2019-06-05 00:00:00,merchandise,-5.39,Wednesday,Amazon
2019-06-05 00:00:00,merchandise,-5.18,Wednesday,Amazon
2019-06-05 00:00:00,merchandise,-2.91,Wednesday,Amazon
2019-06-06 00:00:00,merchandise,-10.8,Thursday,Sub Box
2019-06-06 00:00:00,merchandise,-10.66,Thursday,Amazon
2019-06-06 00:00:00,merchandise,-9.61,Thursday,Amazon
2019-06-06 00:00:00,merchandise,-7.44,Thursday,Amazon
2019-06-06 00:00:00,merchandise,-5.0,Thursday,Sub Box
2019-06-07 00:00:00,merchandise,-14.24,Friday,Amazon
2019-06-07 00:00:00,merchandise,-10.8,Friday,Sub Box
2019-06-08 00:00:00,merchandise,-56.13,Saturday,Clothes
2019-06-10 00:00:00,groceries,-122.56,Monday,No Description
2019-06-10 00:00:00,merchandise,-46.63,Monday,Amazon
2019-06-10 00:00:00,bills,-44.4,Monday,Phone
2019-06-10 00:00:00,groceries,-31.42,Monday,No Description
2019-06-10 00:00:00,merchandise,-22.24,Monday,Amazon
2019-06-10 00:00:00,merchandise,-7.08,Monday,Amazon
2019-06-10 00:00:00,merchandise,-2.95,Monday,Amazon
2019-06-10 00:00:00,merchandise,-2.16,Monday,Amazon
2019-06-10 00:00:00,groceries,-1.56,Monday,No Description
2019-06-10 00:00:00,groceries,0.56,Monday,No Description
2019-06-11 00:00:00,groceries,-48.84,Tuesday,No Description
2019-06-11 00:00:00,merchandise,-39.95,Tuesday,Makeup/Skin Care
2019-06-11 00:00:00,food,-9.81,Tuesday,No Description
2019-06-11 00:00:00,merchandise,-6.32,Tuesday,Amazon
2019-06-11 00:00:00,merchandise,-0.76,Tuesday,Amazon
2019-06-12 00:00:00,merchandise,-15.66,Wednesday,Makeup/Skin Care
2019-06-12 00:00:00,merchandise,-10.8,Wednesday,Sub Box
2019-06-12 00:00:00,merchandise,-6.48,Wednesday,Makeup/Skin Care
2019-06-12 00:00:00,merchandise,-3.14,Wednesday,Amazon
2019-07-01 00:00:00,merchandise,-53.72,Monday,Makeup/Skin Care
2019-07-01 00:00:00,travel,-50.0,Monday,No Description
2019-07-01 00:00:00,food,-33.43,Monday,No Description
2019-07-01 00:00:00,food,-25.0,Monday,Starbucks
2019-07-01 00:00:00,merchandise,-24.95,Monday,Sub Box
2019-07-01 00:00:00,travel,-11.59,Monday,No Description
2019-07-01 00:00:00,food,-10.13,Monday,No Description
2019-07-02 00:00:00,travel,-30.24,Tuesday,No Description
2019-07-02 00:00:00,merchandise,-10.4,Tuesday,Makeup/Skin Care
2019-07-03 00:00:00,bills,-1385.65,Wednesday,Rent
2019-07-03 00:00:00,travel,-57.75,Wednesday,No Description
2019-07-03 00:00:00,merchandise,-16.2,Wednesday,Sub Box
2019-07-03 00:00:00,bills,-1.95,Wednesday,Rent
2019-07-03 00:00:00,direct deposit,203.92,Wednesday,No Description
2019-07-04 00:00:00,entertainment,-45.08,Thursday,No Description
2019-07-04 00:00:00,merchandise,-7.55,Thursday,Amazon
2019-07-05 00:00:00,groceries,-54.01,Friday,No Description
2019-07-05 00:00:00,merchandise,-27.0,Friday,Makeup/Skin Care
2019-07-05 00:00:00,merchandise,-17.27,Friday,Amazon
2019-07-05 00:00:00,merchandise,-16.2,Friday,Sub Box
2019-07-05 00:00:00,pharmacy,-15.66,Friday,No Description
2019-07-05 00:00:00,merchandise,-15.0,Friday,Sub Box
2019-07-05 00:00:00,pharmacy,-6.46,Friday,No Description
2019-07-05 00:00:00,pharmacy,-3.12,Friday,No Description
2019-07-05 00:00:00,uber/lyft,-0.5,Friday,No Description
2019-07-06 00:00:00,merchandise,-33.7,Saturday,Makeup/Skin Care
2019-07-07 00:00:00,merchandise,-7.17,Sunday,Amazon
2019-07-07 00:00:00,food,-6.87,Sunday,No Description
2019-07-07 00:00:00,merchandise,-5.35,Sunday,Amazon
2019-07-08 00:00:00,merchandise,-148.27,Monday,Amazon
2019-07-08 00:00:00,groceries,-131.23,Monday,No Description
2019-07-08 00:00:00,groceries,-43.19,Monday,No Description
2019-07-08 00:00:00,food,-17.12,Monday,No Description
2019-07-08 00:00:00,uber/lyft,-11.56,Monday,No Description
2019-07-08 00:00:00,food,-11.16,Monday,No Description
2019-07-08 00:00:00,food,-7.31,Monday,Coffee
2019-07-08 00:00:00,uber/lyft,-5.22,Monday,No Description
2019-07-08 00:00:00,groceries,-3.85,Monday,No Description
2019-07-09 00:00:00,merchandise,-36.0,Tuesday,Makeup/Skin Care
2019-07-09 00:00:00,merchandise,-21.57,Tuesday,Clothes
2019-07-09 00:00:00,merchandise,-12.92,Tuesday,Makeup/Skin Care
2019-07-09 00:00:00,merchandise,-11.87,Tuesday,Amazon
2019-07-09 00:00:00,food,-8.83,Tuesday,Coffee
2019-07-09 00:00:00,entertainment,-7.23,Tuesday,No Description
2019-07-09 00:00:00,food,-7.01,Tuesday,Coffee
2019-07-09 00:00:00,merchandise,-5.4,Tuesday,Makeup/Skin Care
2019-07-09 00:00:00,merchandise,-1.93,Tuesday,Amazon
2019-07-09 00:00:00,food,-1.61,Tuesday,No Description
2019-07-09 00:00:00,entertainment,-0.99,Tuesday,No Description
2019-07-09 00:00:00,bills,150.49,Tuesday,Credit Card
2019-07-10 00:00:00,merchandise,-203.92,Wednesday,Best Buy
2019-07-10 00:00:00,bills,-44.4,Wednesday,Phone
2019-07-10 00:00:00,merchandise,-27.1,Wednesday,Makeup/Skin Care
2019-07-10 00:00:00,uber/lyft,-11.91,Wednesday,No Description
2019-07-10 00:00:00,uber/lyft,-9.11,Wednesday,No Description
2019-07-10 00:00:00,uber/lyft,-8.91,Wednesday,No Description
2019-07-10 00:00:00,food,-4.8,Wednesday,No Description
2019-07-10 00:00:00,food,-2.69,Wednesday,No Description
2019-07-10 00:00:00,direct deposit,150.49,Wednesday,No Description
2019-07-11 00:00:00,uber/lyft,-9.85,Thursday,No Description
2019-07-12 00:00:00,food,-18.9,Friday,No Description
2019-07-12 00:00:00,merchandise,-17.23,Friday,Amazon
2019-07-12 00:00:00,merchandise,-7.29,Friday,Amazon
2019-08-01 00:00:00,groceries,-193.32,Thursday,No Description
2019-08-01 00:00:00,food,-46.06,Thursday,No Description
2019-08-01 00:00:00,food,-17.17,Thursday,No Description
2019-08-01 00:00:00,merchandise,-10.8,Thursday,Sub Box
2019-08-01 00:00:00,uber/lyft,-10.06,Thursday,No Description
2019-08-01 00:00:00,uber/lyft,-9.63,Thursday,No Description
2019-08-01 00:00:00,uber/lyft,-7.19,Thursday,No Description
2019-08-01 00:00:00,uber/lyft,-6.97,Thursday,No Description
2019-08-01 00:00:00,uber/lyft,-6.93,Thursday,No Description
2019-08-01 00:00:00,merchandise,269.99,Thursday,Best Buy
2019-08-02 00:00:00,groceries,-64.75,Friday,No Description
2019-08-02 00:00:00,bills,-26.28,Friday,Rent
2019-08-02 00:00:00,merchandise,-22.68,Friday,Sub Box
2019-08-02 00:00:00,food,-22.13,Friday,No Description
2019-08-02 00:00:00,merchandise,-18.62,Friday,Clothes
2019-08-02 00:00:00,wire transfer,-15.0,Friday,No Description
2019-08-02 00:00:00,food,-10.64,Friday,No Description
2019-08-02 00:00:00,food,-9.02,Friday,No Description
2019-08-02 00:00:00,bills,-1.95,Friday,Rent
2019-08-02 00:00:00,bills,33.56,Friday,Credit Card
2019-08-02 00:00:00,wire transfer,2070.0,Friday,No Description
2019-08-03 00:00:00,merchandise,-14.0,Saturday,Amazon
2019-08-05 00:00:00,groceries,-201.56,Monday,No Description
2019-08-05 00:00:00,food,-36.4,Monday,No Description
2019-08-05 00:00:00,groceries,-29.13,Monday,No Description
2019-08-05 00:00:00,merchandise,-16.2,Monday,Sub Box
2019-08-05 00:00:00,merchandise,-11.18,Monday,Amazon
2019-08-05 00:00:00,other,-10.0,Monday,No Description
2019-08-05 00:00:00,uber/lyft,-9.61,Monday,No Description
2019-08-05 00:00:00,uber/lyft,-9.43,Monday,No Description
2019-08-05 00:00:00,merchandise,-8.31,Monday,Amazon
2019-08-05 00:00:00,merchandise,-8.31,Monday,Amazon
2019-08-05 00:00:00,merchandise,-5.7,Monday,Amazon
2019-08-05 00:00:00,groceries,-5.15,Monday,No Description
2019-08-05 00:00:00,groceries,-2.19,Monday,No Description
2019-08-05 00:00:00,merchandise,-1.61,Monday,Amazon
2019-08-06 00:00:00,groceries,-111.38,Tuesday,No Description
2019-08-06 00:00:00,merchandise,-38.42,Tuesday,Amazon
2019-08-06 00:00:00,groceries,-17.67,Tuesday,No Description
2019-08-06 00:00:00,merchandise,-13.88,Tuesday,Amazon
2019-08-06 00:00:00,merchandise,-10.74,Tuesday,Amazon
2019-08-07 00:00:00,tuition,-1695.0,Wednesday,No Description
2019-08-07 00:00:00,bills,-420.0,Wednesday,Rent
2019-08-07 00:00:00,groceries,-87.89,Wednesday,No Description
2019-08-07 00:00:00,food,-42.0,Wednesday,No Description
2019-08-07 00:00:00,entertainment,-7.01,Wednesday,No Description
2019-08-07 00:00:00,direct deposit,20.0,Wednesday,No Description
2019-08-08 00:00:00,bills,-44.4,Thursday,Phone
2019-08-08 00:00:00,entertainment,-0.99,Thursday,No Description
2019-08-09 00:00:00,merchandise,-4.32,Friday,Makeup/Skin Care
2019-08-09 00:00:00,food,-4.15,Friday,No Description
2019-08-09 00:00:00,food,-0.27,Friday,No Description
2019-08-12 00:00:00,groceries,-80.62,Monday,No Description
2019-08-12 00:00:00,groceries,-47.83,Monday,No Description
2019-08-12 00:00:00,merchandise,-20.8,Monday,Amazon
2019-08-12 00:00:00,food,-4.59,Monday,No Description
2019-08-12 00:00:00,merchandise,-4.32,Monday,Makeup/Skin Care
2019-08-12 00:00:00,merchandise,5.7,Monday,Amazon
2019-09-02 00:00:00,merchandise,-21.59,Monday,Best Buy
2019-09-02 00:00:00,food,-16.71,Monday,No Description
2019-09-02 00:00:00,merchandise,-12.76,Monday,Best Buy
2019-09-02 00:00:00,food,-8.69,Monday,No Description
2019-09-03 00:00:00,bills,-420.0,Tuesday,Rent
2019-09-03 00:00:00,merchandise,-52.34,Tuesday,Clothes
2019-09-03 00:00:00,merchandise,-37.26,Tuesday,Makeup/Skin Care
2019-09-03 00:00:00,merchandise,-24.95,Tuesday,Sub Box
2019-09-03 00:00:00,merchandise,-22.86,Tuesday,Sub Box
2019-09-03 00:00:00,merchandise,-15.6,Tuesday,Clothes
2019-09-03 00:00:00,merchandise,-14.45,Tuesday,Makeup/Skin Care
2019-09-03 00:00:00,uber/lyft,-11.66,Tuesday,No Description
2019-09-03 00:00:00,food,-11.31,Tuesday,No Description
2019-09-03 00:00:00,uber/lyft,-10.93,Tuesday,No Description
2019-09-03 00:00:00,merchandise,-10.8,Tuesday,Sub Box
2019-09-03 00:00:00,food,-4.53,Tuesday,No Description
2019-09-03 00:00:00,food,-2.86,Tuesday,No Description
2019-09-04 00:00:00,entertainment,-63.72,Wednesday,No Description
2019-09-04 00:00:00,merchandise,-33.0,Wednesday,Clothes
2019-09-04 00:00:00,food,-2.04,Wednesday,Coffee
2019-09-04 00:00:00,food,-2.04,Wednesday,Coffee
2019-09-04 00:00:00,entertainment,0.7,Wednesday,No Description
2019-09-04 00:00:00,merchandise,8.31,Wednesday,Amazon
2019-09-04 00:00:00,merchandise,8.31,Wednesday,Amazon
2019-09-04 00:00:00,direct deposit,389.65,Wednesday,No Description
2019-09-05 00:00:00,merchandise,-65.0,Thursday,Clothes
2019-09-06 00:00:00,groceries,-40.39,Friday,No Description
2019-09-06 00:00:00,food,-26.68,Friday,No Description
2019-09-06 00:00:00,merchandise,-16.2,Friday,Sub Box
2019-09-06 00:00:00,food,-11.4,Friday,No Description
2019-09-06 00:00:00,food,-5.38,Friday,No Description
2019-09-06 00:00:00,food,-4.05,Friday,Coffee
2019-09-06 00:00:00,bills,10.05,Friday,Credit Card
2019-09-07 00:00:00,merchandise,-244.61,Saturday,Clothes
2019-09-08 00:00:00,merchandise,-20.47,Sunday,Amazon
2019-09-08 00:00:00,entertainment,-0.99,Sunday,No Description
2019-09-09 00:00:00,bills,-44.4,Monday,Phone
2019-09-09 00:00:00,groceries,-28.8,Monday,No Description
2019-09-09 00:00:00,merchandise,-27.02,Monday,Clothes
2019-09-09 00:00:00,food,-25.0,Monday,Super Card
2019-09-09 00:00:00,food,-21.0,Monday,No Description
2019-09-09 00:00:00,other,-20.4,Monday,Driving
2019-09-09 00:00:00,food,-14.35,Monday,No Description
2019-09-09 00:00:00,uber/lyft,-12.1,Monday,No Description
2019-09-09 00:00:00,uber/lyft,-11.45,Monday,No Description
2019-09-09 00:00:00,merchandise,-10.66,Monday,Amazon
2019-09-09 00:00:00,uber/lyft,-7.75,Monday,No Description
2019-09-09 00:00:00,uber/lyft,8.71,Monday,No Description
2019-09-10 00:00:00,merchandise,-78.28,Tuesday,Amazon
2019-09-10 00:00:00,merchandise,-13.6,Tuesday,Amazon
2019-09-10 00:00:00,food,-10.96,Tuesday,No Description
2019-09-11 00:00:00,uber/lyft,-7.75,Wednesday,No Description
2019-09-11 00:00:00,uber/lyft,-7.75,Wednesday,No Description
2019-09-11 00:00:00,direct deposit,203.92,Wednesday,No Description
2019-09-12 00:00:00,food,-25.0,Thursday,Starbucks
2019-09-12 00:00:00,food,-11.37,Thursday,No Description
2019-09-12 00:00:00,merchandise,11.18,Thursday,Amazon
