ds,Predicted_Close,Upper_Bound,Lower_Bound
2022-01-04,168.04041158140592,175.53996233589027,160.86085087509497
2022-01-05,167.73762304474877,175.02384417558284,159.9549997842365
2022-01-06,167.43514758966626,174.35064966870544,159.84547642191566
2022-01-07,167.6211100831304,174.79257546759382,160.23072798514136
2022-01-10,167.4081711619915,174.44775754920946,160.11753588220512
2022-01-11,167.47572447847023,174.3661329269319,160.2387545401093
2022-01-12,167.4612647828803,174.78307219195807,160.6525526069097
2022-01-13,167.41561702212724,174.09188959820844,160.18830845633127
2022-01-14,167.8274303606584,174.74354138781806,160.96419911347272
2022-01-18,168.3079451473938,175.5916405800032,161.56267569171442
2022-01-19,168.392498922744,175.54281069482266,161.23126692588295
2022-01-20,168.42846319619858,175.66221802526218,161.9374915094849
2022-01-21,168.90731169614727,175.67133321969945,162.230866028047
2022-01-24,169.3393435252593,176.27299656791268,162.6422645476679
2022-01-25,169.55773991174118,176.48711986102205,162.0360760027244
2022-01-26,169.66846452841727,176.20497748094468,162.49807021370924
2022-01-27,169.72552120148063,176.61072321963647,162.6593618055429
2022-01-28,170.22007217515156,177.24667926107065,163.35316515540612
2022-01-31,170.6551122905544,177.17894525874627,163.78754634490144
2022-02-01,170.85337637819887,178.80319740451537,163.92233173482123
2022-02-02,170.92921302871105,177.9769405712095,163.9587855614986
2022-02-03,170.93375664403516,177.7933733068222,163.8320168366843
2022-02-04,171.3552403337575,178.12835481837044,164.43154813158867
2022-02-07,171.42052425830894,178.45755237813307,164.61906789565091
2022-02-08,171.43795761058192,178.51386203858408,164.4492616193794
2022-02-09,171.30179148248305,178.58247619118853,164.28548083780194
2022-02-10,171.0627713342284,177.51216939186486,163.67381653273034
2022-02-11,171.2095715230624,177.86184239323575,164.08142216575308
2022-02-14,170.28219995365987,177.64535463601666,163.67728683495992
2022-02-15,169.92331390682887,177.0975002517709,163.2332841961869
2022-02-16,169.39580472269628,176.73956392323586,162.55550810580567
2022-02-17,168.75630296231256,175.79081720757435,161.7603932211566
2022-02-18,168.50008177946737,175.30778228570944,161.4603992516358
2022-02-22,165.725363129265,172.74311767804363,158.74268680769705
2022-02-23,164.89575845850695,171.95217557166805,157.4836671179969
2022-02-24,163.99748159954973,170.8449703287105,156.82662010199255
2022-02-25,163.5327305572237,171.04318141168164,156.2893721402643
2022-02-28,161.18783115659147,168.27261320402658,154.1085156385286
2022-03-01,160.53528806743097,168.25888758655353,153.68244634813786
2022-03-02,159.82038419366276,167.3903518603071,152.49180750954886
2022-03-03,159.1073660052042,165.91257348434848,152.23586286321787
2022-03-04,158.89709119167634,165.9106357405348,151.24643701076192
2022-03-07,157.6950726013979,164.79690833317042,150.2262338247021
2022-03-08,157.53086363948597,164.5821200749786,150.45180667743733
2022-03-09,157.34518048846093,164.3207969429549,150.06158685473528
2022-03-10,157.1929397324834,164.13262640692707,149.85329285373066
2022-03-11,157.5648250814506,164.45504615859207,150.42133689842635
2022-03-14,158.12785829809204,165.64688807577005,150.97296524211362
2022-03-15,158.52065036330998,165.8919929958401,151.44117714406636
2022-03-16,158.85794194145245,165.697196975013,151.5548534240671
2022-03-17,159.18441484424446,166.25940002463295,152.44307945210886
2022-03-18,159.98137555392734,167.26342946343163,153.05254371763735
2022-03-21,161.4213272951893,167.98995304518465,154.34215962738665
2022-03-22,161.95516016401592,169.05240339944322,155.32487155934598
2022-03-23,162.3525556633686,169.17574304146825,155.72603235180512
2022-03-24,162.65755627527923,169.74483859864665,155.73040887169563
2022-03-25,163.35256062254797,170.49820205043994,156.4484006545636
2022-03-28,164.03974272472252,170.94557383464033,156.48542942032248
2022-03-29,164.19337697553763,170.69943503487502,157.47982723333755
2022-03-30,164.15911956828026,171.43602105599282,156.19980453245597
2022-03-31,163.99053134340778,171.1124818065026,156.83382114847265
2022-04-01,164.18029014189344,171.08436212485017,156.6258464722035
2022-04-04,163.27073749615914,170.73050701993867,156.25645755801008
2022-04-05,162.901672990466,169.6560294206136,155.87231187732007
2022-04-06,162.36697706663068,169.53729718871676,155.71583320631987
2022-04-07,161.72971913493933,168.30500495387682,154.54735721143663
2022-04-08,161.4911220845931,168.83016660579963,154.28704073458022
2022-04-11,159.6057003210936,166.43374769232008,152.7160044183859
2022-04-12,159.0298902895987,165.99145344568086,152.05971224565616
2022-04-13,158.35169593673177,165.66924126806035,151.77952558712738
2022-04-14,157.63425337727995,164.554384359756,150.5720732755318
2022-04-18,155.7729292913664,162.2211296146331,148.52041523716537
2022-04-19,155.29456027629038,161.79716845388043,147.99273362941295
2022-04-20,154.74962724278146,161.60358914206407,147.8517127834206
2022-04-21,154.1934673629648,161.49907880476056,147.11247851679417
2022-04-22,154.1176844533626,161.8422960802187,147.03984770581553
2022-04-25,153.0931437796906,160.13058870335797,146.1402056176958
2022-04-26,152.88441381304781,159.67791267670034,146.07200270284042
2022-04-27,152.59029158166092,159.07016743955867,145.56236870457008
2022-04-28,152.26023670907597,159.37125677406024,144.75362576227514
2022-04-29,152.3809721943659,159.48722996492168,144.94303151428153
2022-05-02,151.73659023370337,158.36497892309168,144.7272876775834
2022-05-03,151.58013990102614,159.16978632024902,144.11872904847303
2022-05-04,151.30175561922763,158.34316277398023,144.37917714555022
2022-05-05,150.953011086588,157.93073344851157,144.2462901874565
2022-05-06,151.02376017386925,157.77537821689165,144.11998278935368
2022-05-09,150.08542956008432,157.1375481678292,142.69323392090806
2022-05-10,149.80064251081217,156.51328554627827,142.5569576863929
2022-05-11,149.38846544663534,156.9029700726226,142.07414283359208
2022-05-12,148.90645044889123,155.7555724219066,142.1754293066526
2022-05-13,148.8502647069503,155.47856386893255,141.4212232306038
2022-05-16,147.62117154114375,154.85908185870815,140.9178602459866
2022-05-17,147.28373019773315,154.3921737628497,140.5168104943509
2022-05-18,146.84618821167635,153.61420879900814,139.79877080415088
2022-05-19,146.3678274872261,153.43026060459817,139.90708122427452
2022-05-20,146.3450690730457,153.44045339300294,139.5118682274265
2022-05-23,145.38786638905412,152.69348706456833,138.07080722341883
2022-05-24,145.19136174485945,152.52873025291095,138.290464513012
2022-05-25,144.9144657461324,151.95640991359977,137.79073724991002
2022-05-26,144.61223218578516,151.60963960049764,137.85703126030765
2022-05-27,144.77640614765423,152.06638790054754,137.6904563802555
2022-05-31,144.37820883232328,151.4277979553473,137.6623174920187
2022-06-01,144.2676734436902,150.96909058766093,137.40443628438882
2022-06-02,144.11413275316963,151.11521253905465,137.1182941528314
2022-06-03,144.40595669744968,151.187223705764,136.82355195125072
2022-06-06,144.25856141651545,150.90730726451312,137.2622431089624
2022-06-07,144.26742860387634,151.13335607794758,137.15831363348877
2022-06-08,144.1564453110423,151.2958452271902,137.185770336244
2022-06-09,143.97831659195307,150.82529935693856,137.17027151531147
2022-06-10,144.22385650188983,151.38032111819672,136.73522956044278
2022-06-13,143.8418261062357,151.20120625077433,136.81638260378682
2022-06-14,143.75448997365925,150.94757387947925,136.83407031501682
2022-06-15,143.54601349391356,150.47844000605662,136.80759924659557
2022-06-16,143.27384013790981,150.0788290104725,136.51785824440108
2022-06-17,143.43337255837986,150.82988490436645,136.70988112820106
2022-06-21,142.7782727220513,149.8860552984864,135.45246126415887
2022-06-22,142.57707076488825,150.10886807729466,135.77268579380976
2022-06-23,142.33657153988352,149.44438924018453,135.03973707995982
2022-06-24,142.55206728335446,149.68731483105387,135.5410279394168
2022-06-27,144.12937403777727,151.44279747592068,137.12084149838378
2022-06-28,144.7693059593873,151.68412849626324,137.901485621436
2022-06-29,145.32191693988955,152.34447514087674,138.13007941685365
2022-06-30,145.8404414931512,152.85497451363113,138.64988824664323
2022-07-01,146.81468233584957,154.1737512261098,140.2263315118593
2022-07-05,149.50683584009465,156.35747254835965,142.50670868040498
2022-07-06,150.11972883345413,157.45112282099674,143.20912955938698
2022-07-07,150.6649888059123,157.7999523845546,143.22386343306826
2022-07-08,151.6284176928331,158.45836323679842,144.90764084879535
2022-07-11,153.30716388683163,160.41965442315373,146.76191419328006
2022-07-12,153.8536894909894,161.18736771682165,147.27899483082345
2022-07-13,154.24107836137833,161.4847807550773,146.88721421427792
2022-07-14,154.52007638016013,161.46367931684267,148.109209446001
2022-07-15,155.17980676864204,162.4532151442377,148.06723132336506
2022-07-18,155.77090715949953,162.24143977529843,148.75990550350508
2022-07-19,155.91622117742162,163.1111863219383,148.82723616311173
2022-07-20,155.89473651847516,163.56857763944302,149.00224395284596
2022-07-21,155.76478931659648,162.91073792387758,148.4395537205981
2022-07-22,156.02322262391957,162.88606064979655,148.54968307469528
2022-07-25,155.5313376965075,162.90087435555128,148.68145915603282
2022-07-26,155.37889158008582,162.03261824451306,148.56638334863518
2022-07-27,155.1010677837022,162.20080746653187,147.89013825079763
2022-07-28,154.7607561659079,161.23691048048954,147.5741990917223
2022-07-29,154.8582882601969,162.29514512955214,147.93225374767474
2022-08-01,154.1976436897457,161.5236598297351,147.27848234507906
2022-08-02,154.0931152191254,161.03478513226236,146.72078519179323
2022-08-03,153.9119610788046,160.93514578687092,146.0331123166427
2022-08-04,153.71330706530543,160.83753036397394,146.89331215060804
2022-08-05,153.9926639410496,161.6885815486427,147.4873590175061
2022-08-08,154.0571721974753,160.87580052924483,147.18553089575195
2022-08-09,154.23055239368037,161.34795186253572,146.3798188447075
2022-08-10,154.33255180781873,161.43255194615566,147.74417158219543
2022-08-11,154.4143913002605,161.7096825934933,147.10927187770747
2022-08-12,154.96382287972835,162.03609066564812,147.7027369002122
2022-08-15,155.7046060286654,162.59347581846902,148.8286964920897
2022-08-16,156.03819872333816,163.31392015874252,148.92770679440275
2022-08-17,156.25966075139897,163.58587363854596,149.1744525036096
2022-08-18,156.4168519899937,163.38836418317806,149.6342583338053
2022-08-19,156.9952916273263,164.27077920278177,149.8141189241587
2022-08-22,157.54026269141988,164.56096444459206,150.4347194935816
2022-08-23,157.71849239991434,164.64846307659695,151.5157981960993
2022-08-24,157.74435324005563,164.6653842083962,150.90988466100026
2022-08-25,157.6700380091994,164.89932956630412,150.60937657376803
2022-08-26,157.98619940813356,164.78825445923468,151.2843445124527
2022-08-29,157.61993940439737,165.47567614172468,150.72290951616517
2022-08-30,157.47485975483255,164.53896694133982,150.47862960185785
2022-08-31,157.17889039877699,164.3222666398019,150.19192223717897
2022-09-01,156.59999731801219,163.83688354227263,149.83796887895508
2022-09-02,156.42589161389841,163.50128181027358,149.53137456748973
2022-09-06,154.20184954720042,161.38435028793924,146.94645347738077
2022-09-07,153.5596725348006,161.01248825904244,146.0279604194438
2022-09-08,152.86312650441133,159.9209279246325,146.08410356419657
2022-09-09,152.60998176957233,159.00919040663305,145.73930415169548
2022-09-12,150.90293940825165,157.80130033808555,143.6750179349687
2022-09-13,150.4421898332259,157.5315562874324,143.64689155127644
2022-09-14,149.89676284374974,156.7588435482069,142.78686019364403
2022-09-15,149.32357003408762,156.025727081973,142.1551553017505
2022-09-16,149.21629783176672,155.88956570959502,141.7264058736679
2022-09-19,148.0376252656162,154.84434496582955,140.9842735975025
2022-09-20,147.76818699318443,155.38290406456977,140.74087998796713
2022-09-21,147.41442610184686,154.60120147436234,140.48457886529923
2022-09-22,147.0293189191436,153.6273803111913,139.31280334083337
2022-09-23,147.10302045405533,153.79683866295738,139.67933684165146
2022-09-26,146.3967478614495,153.32765806869295,139.24147303747466
2022-09-27,146.2547703043716,153.18906256804806,138.81952895943752
2022-09-28,146.0116687888615,153.15275435879624,138.73267933148884
2022-09-29,145.7201939055787,153.04788194529542,138.42099189127575
2022-09-30,145.87079949990562,153.22487159775238,139.40497896493116
2022-10-03,145.30454692508022,152.28954509140976,138.58396074616425
2022-10-04,145.1839721245507,152.09362640688175,137.9920882212596
2022-10-05,144.95270386010534,151.6483210595019,137.47713343684666
2022-10-06,144.6655054181984,151.22313014910327,137.4520214503298
2022-10-07,144.81484135442298,151.9917548627952,137.87801313343397
2022-10-10,144.229999865686,151.44984244071068,138.0056805893249
2022-10-11,144.1034906771683,151.32492947164576,137.4281346133415
2022-10-12,143.86835960762107,150.7217608076384,136.85168453098083
2022-10-13,143.58008106980407,150.63186282135183,136.5896015068402
2022-10-14,143.73151492487742,151.21786173875685,136.79048739528514
2022-10-17,143.17155437325127,150.23981920830835,135.81974382384644
2022-10-18,143.0581192690974,150.46720454708702,135.2354937080977
2022-10-19,142.83728066871413,150.03485719013287,135.52310487327327
2022-10-20,142.5636529319207,149.72302549935995,135.94009433990578
2022-10-21,142.72922208297518,149.57098734490216,135.62749123064702
2022-10-24,142.20102540710667,149.5834261550634,135.2721065403993
2022-10-25,142.0929442414017,148.85515472307662,135.09052093762546
2022-10-26,141.87459861801747,149.07583398829672,134.47806931853992
2022-10-27,141.6008991938878,148.3484418150831,134.48108614121722
2022-10-28,141.7644556442683,149.29020407986718,134.73177941290285
2022-10-31,141.22970167902938,147.83611071451216,133.57648750029713
2022-11-01,141.1244523586982,147.84929595363414,134.22710203768003
2022-11-02,140.91464032423136,148.18293941867296,133.89087973551256
2022-11-03,140.65732675641817,147.72437969986663,133.87708792505265
2022-11-04,140.84732452067317,147.29137200881408,133.69353662629845
2022-11-07,140.47321879721406,147.97483072312758,133.95465738486882
2022-11-08,140.45463590389585,147.22445872516016,133.27821655903313
2022-11-09,140.3502415610958,147.20622013324024,132.61752540236242
2022-11-10,140.21774860806477,146.78846985959404,133.04636580206437
2022-11-11,140.55207756247762,148.08749270575288,134.18267677539876
2022-11-14,140.719894319282,147.80645447484366,134.05423469306584
2022-11-15,140.9122890820922,147.473907088011,133.74886320052286
2022-11-16,141.02941779013972,147.70845852147409,134.2843543685647
2022-11-17,141.12529097371836,148.15465755037587,133.51760823843534
2022-11-18,141.6905819202323,149.3760002748016,134.54701709676198
2022-11-21,142.51800179931504,149.9627581112945,135.18186848170657
2022-11-22,142.9015067023318,149.88581939577418,136.03404052975162
2022-11-23,143.18628429347154,150.4638453934942,136.58121918421566
2022-11-25,144.09140988434362,151.0962094099996,136.69698496780126
2022-11-28,144.9885085222255,151.86716239645023,138.14623113319132
2022-11-29,145.3024660435662,151.7492509160886,137.63825182758572
2022-11-30,145.4679285052583,152.26777629046657,138.22558672656154
2022-12-01,145.5330006037536,153.02270300929356,138.50139259255317
2022-12-02,145.98378465407868,153.3766761095124,138.97668009316862
2022-12-05,145.94314171875362,152.79490152400837,139.48260720323208
2022-12-06,145.86361428891325,152.88013516497247,138.43490217324998
2022-12-07,145.60362487110308,152.22814594431114,138.57333531164687
2022-12-08,145.21765668669764,152.11174027735015,137.95903504276365
2022-12-09,145.19888602951704,152.65867790302946,137.77708095379614
2022-12-12,143.71655259121624,150.8247330973727,136.18222737807346
2022-12-13,143.17275105030367,150.5182693494783,136.13207494414843
2022-12-14,142.4702984112711,150.09782884380817,135.61788641464275
2022-12-15,141.6715108747345,148.81310003506033,134.43539901663829
2022-12-16,141.27690754145823,147.8051539807171,134.06312726514793
2022-12-19,138.951768653437,146.11825254959922,131.90693618761978
2022-12-20,138.23836073254262,145.3390706053932,130.88145047053234
2022-12-21,137.42756926092358,144.7200799727181,130.8403790949503
2022-12-22,136.58335341267104,143.4027345673879,128.78020122060133
2022-12-23,136.20668129798173,143.09790375052745,129.12271740199574
2022-12-27,133.84167553027913,141.1770438521051,127.01167525703289
2022-12-28,133.3324293394014,140.8004721333732,126.60645465124212
2022-12-29,132.83291259280278,139.42617105445143,124.89888406144006
2022-12-30,132.83780414963257,139.6729448532096,125.33569097747102
2023-01-03,132.22936088491315,139.48139616378273,125.00254824862425
2023-01-04,132.18148147829393,139.32327201806055,125.44588056288296
2023-01-05,132.138701177291,138.62418066341553,124.96036430768851
2023-01-06,132.58967271169163,139.5616630894503,125.3919628057881
2023-01-09,133.20644975396442,139.96349024961629,126.02890943124662
2023-01-10,133.5622821978153,140.65389620493002,125.96508619307546
2023-01-11,133.8416700952739,140.66064104067203,126.09829870588077
2023-01-12,134.09508740495173,141.25382916792486,127.37734552015297
2023-01-13,134.81074150497702,141.7299614338386,127.86614545247724
2023-01-17,136.5437422142933,143.35388856978383,129.43208641360954
2023-01-18,136.94794894028155,144.00055494888673,129.53283838121092
2023-01-19,137.40116750129934,144.60386974111967,130.23297598505093
2023-01-20,138.29850046055034,145.53303871089946,130.91072560450218
2023-01-23,139.99098655273554,147.2072079899964,133.33193798820773
2023-01-24,140.6309645382179,147.65867647547367,133.61314490983133
2023-01-25,141.16415717816201,147.82321894510042,134.09662629113714
2023-01-26,141.64483840880098,148.95724889592447,134.51189735462765
2023-01-27,142.56453898787566,149.77085936668578,135.90499379652564
2023-01-30,144.28899339884578,151.7194837935209,137.14010942188614
2023-01-31,144.92355140630661,152.3747639238417,138.4454117622218
2023-02-01,145.43987199972725,152.51630143185886,138.40965013898878
2023-02-02,145.8896178847839,153.37941699585,138.29601578437743
2023-02-03,146.76148629467838,154.57035982086106,140.03266626947874
2023-02-06,148.21215886063234,155.4622897519744,140.8404362138585
2023-02-07,148.7031886673666,156.13222515006632,141.63728490947327
2023-02-08,149.04632186219743,155.82169084198466,141.7831642871704
2023-02-09,149.2919250347898,156.5780684701826,141.95002836739806
2023-02-10,149.92811234745201,157.1313307960104,142.95760696108178
2023-02-13,150.48924212755847,157.61396852262197,143.50802823475803
2023-02-14,150.62975457820752,157.80064189277553,143.56067377023217
2023-02-15,150.60114989240137,158.012838392659,143.41936865595318
2023-02-16,150.45864457486337,157.4930906460191,143.42596982923206
2023-02-17,150.69604211948413,157.80041258065143,143.48670716045294
2023-02-21,149.8327060795013,156.76899285025667,142.20480721935758
2023-02-22,149.4583967967927,156.5210306686791,142.41788523506492
2023-02-23,149.00411566710477,156.3177532130986,142.5191833264749
2023-02-24,148.9712343185908,155.8841835513846,142.1553165659498
2023-02-27,147.8444651871038,154.71580948457841,140.50035978473377
2023-02-28,147.57187983638636,154.2715046808211,140.43493387868844
2023-03-01,147.22445674494614,154.36870498449923,140.02823277821508
2023-03-02,146.86720317533977,154.01766820691412,139.84194602859952
2023-03-03,147.00200786255783,154.09395196913908,140.29840899954652
2023-03-06,146.78507904598425,154.2801841302417,140.17929314621102
2023-03-07,146.93819448399503,153.4702942504872,139.84968644085376
2023-03-08,147.06754370589059,153.95532897242387,140.16486323374235
2023-03-09,147.23012648077855,154.20195481821872,140.51168140779794
2023-03-10,147.91874379420554,155.06774220548525,140.76548587410102
2023-03-13,149.4640997729343,156.5571320185017,141.95520420907738
2023-03-14,150.20144431190178,157.4460317584277,143.71431642559315
2023-03-15,150.89463192903105,157.9659865303083,143.91726415484854
2023-03-16,151.5896919214307,158.6073295166804,144.56017293885998
2023-03-17,152.76901270398255,159.92999549340766,145.35309525073802
2023-03-20,155.44502883158307,162.93807184627912,148.70103866045474
2023-03-21,156.42107305992616,163.7746592335403,149.75938236901933
2023-03-22,157.27523355404108,164.1832914077574,150.18735293911496
2023-03-23,158.05075929414028,165.04783332435832,150.6890282084761
2023-03-24,159.2289669168169,166.15661051005944,152.12415834789053
2023-03-27,161.42728292712928,168.1805250317445,154.6748002920266
2023-03-28,162.09930147527663,169.20895870522256,155.42279241278936
2023-03-29,162.58750276504324,169.23963979823887,155.9808931293261
2023-03-30,162.94338175832675,170.111770680368,155.9584614760434
2023-03-31,163.65754644828954,170.732379590872,156.3361358513912
2023-04-03,164.30109983278416,171.20017736252709,156.77855311220827
2023-04-04,164.4370872327531,171.33996644760424,157.79516377214318
2023-04-05,164.3986033952255,171.26782752851207,156.78667091156993
2023-04-06,164.24755423782537,171.36793525016816,156.84581359098482
2023-04-10,163.9546538880494,171.42007682166246,157.19074412228096
2023-04-11,163.80729080630687,170.99599759390293,156.77188795471048
2023-04-12,163.5464413379305,170.7538447521973,156.86603758216205
2023-04-13,163.23601556467892,169.75879739669594,155.9811715414266
2023-04-14,163.3767905228819,170.36895667807534,156.1754994721597
2023-04-17,162.92211236781688,170.44517744193655,156.52760029941427
2023-04-18,162.90783112637624,170.15802966365848,155.76122810160933
2023-04-19,162.82476423792542,170.2434459015453,156.05239919158507
2023-04-20,162.7298059481096,169.87893224928337,155.43017238491583
2023-04-21,163.1160635922419,170.32175188193528,155.85175166600547
2023-04-24,163.49610940889346,170.8884936909225,156.47114991252977
2023-04-25,163.76544226142965,170.5162202235308,156.73274323771523
2023-04-26,163.9556989108407,171.69645020206175,157.3636090601154
2023-04-27,164.1168456637903,170.7375691524484,156.98842700800196
2023-04-28,164.73588332840725,172.18598871300182,157.866099301278
2023-05-01,165.62838284004658,172.8383058549802,158.31971244144745
2023-05-02,165.99694168698608,172.959909540765,159.022850419628
2023-05-03,166.2488147809621,173.14912093819456,159.3352666011539
2023-05-04,166.43467866722247,173.34952834381565,159.95438454412442
2023-05-05,167.04337772759038,174.2145954162335,159.57887243475133
2023-05-08,167.72788746132636,174.21300258487057,160.77548781018857
2023-05-09,167.9832860070601,174.98386371003076,160.56002635826397
2023-05-10,168.1091221789185,175.18974227221855,160.7060379152751
2023-05-11,168.16199443076553,175.6794508205862,161.52255331137678
2023-05-12,168.63673787690962,175.9796437036512,161.45545190982446
2023-05-15,168.97064876111097,175.77922278304104,162.14982722262604
2023-05-16,169.14313721414075,176.0447973613525,162.62809369469048
2023-05-17,169.20987825190835,176.0863844448384,161.97096208895013
2023-05-18,169.23036353638037,176.21728518721073,161.4254949684085
2023-05-19,169.7013973046314,176.77755869844395,162.96825922669967
2023-05-22,170.2013363590441,177.23456306592166,162.86527319737266
2023-05-23,170.48509304510148,177.33770100189992,163.45690205820043
2023-05-24,170.6872492193434,177.73254654451375,163.66820509707622
2023-05-25,170.86382877011619,177.83564629273783,163.61460362358
2023-05-26,171.50754286745143,178.23934865639887,163.74721212766136
2023-05-30,173.05226113683312,180.20636843564498,165.8247751518178
2023-05-31,173.4371767587187,180.63564334479497,166.63704450699757
2023-06-01,173.78393071204587,180.82316808151882,166.33021809573592
2023-06-02,174.58109738038678,181.30445371654588,166.99440278932911
2023-06-05,175.9795342402118,182.8317723863623,169.26566597895854
2023-06-06,176.4022702647355,183.49409595418172,170.00787789809888
2023-06-07,176.70877179446782,183.99349845855863,169.68896849666552
2023-06-08,176.9510395783097,183.95243121048338,169.93105250803276
2023-06-09,177.61909009820343,183.98234020550106,170.86593914463134
2023-06-12,178.5084822964827,185.8014720790424,170.9580025320701
2023-06-13,178.84325618233413,186.25979777853732,171.66994379734368
2023-06-14,179.0546193340031,186.17053936746828,171.83198828584435
2023-06-15,179.19926987914423,186.175728413849,171.9071595536689
2023-06-16,179.77197483350065,186.65999463262432,172.41552883843522
2023-06-20,180.72535395053427,187.80369544408433,174.09427461774078
2023-06-21,180.91474818683395,187.8102697150176,173.96802480595488
2023-06-22,181.06066575101772,188.43718460249747,174.1129524725635
2023-06-23,181.65891848541438,187.99559997800046,174.74440575644445
2023-06-26,182.53967300826733,189.81600554333954,175.5055191531222
2023-06-27,182.94568396341973,189.34114687118716,175.5920415672211
2023-06-28,183.26526756309,190.1163508829941,176.25135538872865
2023-06-29,183.55278062454164,190.62307192084955,176.2665322957286
2023-06-30,184.29914571726388,191.15593316579,177.1160372367876
2023-07-03,185.60789729394764,192.43714834770338,178.9370782500129
2023-07-05,186.5466972856013,193.62683057249626,179.83800433239816
2023-07-06,186.90216707651,193.75910334959522,179.4492455664889
2023-07-07,187.68405962402232,194.7459780662461,180.4095126553939
2023-07-10,188.8670920549091,195.6432667485214,181.72768803068107
2023-07-11,189.2634052424565,195.52126419984813,182.31892948529563
2023-07-12,189.5069461564857,196.2070289289571,182.7459510873726
2023-07-13,189.6474927823021,196.93490302029667,182.72580134316303
2023-07-14,190.17304336081511,197.14697244644822,182.99689881330121
2023-07-17,190.37421927631186,197.4816356058094,183.25850217081174
2023-07-18,190.38906564395512,196.87069167613677,183.08746597353266
2023-07-19,190.23446289418555,197.06388223363064,183.45766420884763
2023-07-20,189.9673492208267,197.0469732012686,182.86078624158745
2023-07-21,190.08325048920827,197.38785461167785,183.25320970742732
2023-07-24,189.1203161322396,196.40162552864956,181.91279997615004
2023-07-25,188.79345564419503,196.5169282817375,182.1807129910105
2023-07-26,188.33156275409195,195.67937057526558,181.66584558365912
2023-07-27,187.7972886196689,195.23542951733103,180.77031576928468
2023-07-28,187.69096132465938,194.52876382496873,180.88873290643542
2023-07-31,186.36281967979662,193.26194515635447,179.21631021295332
2023-08-01,186.019405205419,193.08029815409998,178.76016523568893
2023-08-02,185.59278714996745,192.6827179093673,178.5273007886539
2023-08-03,185.14330396745567,192.50490915748745,178.6185193033168
2023-08-04,185.16779986192972,192.34062159480146,178.12824705934972
2023-08-07,184.45795489683226,191.69655108821757,177.18612362142602
2023-08-08,184.37487341423852,191.07927835399704,177.6080736877701
2023-08-09,184.22361929358027,190.79174520408583,177.59973461556106
2023-08-10,184.05672092415398,191.41441431744255,177.28024892802006
2023-08-11,184.3631117718057,191.95054376345507,177.6094116027192
2023-08-14,184.41831681643353,191.31541492408152,177.71689994845568
2023-08-15,184.54005610806956,191.71133210466007,178.1151218840893
2023-08-16,184.55855092326703,191.51562660772885,177.9021100179884
2023-08-17,184.5216605399967,191.6096121037556,177.3916566904858
2023-08-18,184.91468522595318,191.45064052243467,177.96099598715412
2023-08-21,184.95017195012204,192.11789798558786,178.23473540412888
2023-08-22,184.97151854711026,192.04757188810203,178.36509759337048
2023-08-23,184.84528090002024,192.16501281003917,177.3672571831708
2023-08-24,184.62247685038113,191.5252899702154,177.6299761823375
2023-08-25,184.79251906686196,191.81050205303202,177.7005382724012
2023-08-28,183.98942476408288,191.168434649934,177.29951382597065
2023-08-29,183.69513565745663,190.55456384879497,177.23357458798387
2023-08-30,183.24627289290186,190.10078769131823,175.80539043714066
2023-08-31,182.70064149198927,189.94711454662342,175.62131979538492
2023-09-01,182.55430116835737,189.69111003555312,175.47613774613436
2023-09-05,180.37516160193476,187.67521633911426,173.28188300154886
2023-09-06,179.72636968526743,187.08573805062713,172.49088660594472
2023-09-07,179.01615368180498,185.86492740198057,172.1141722950009
2023-09-08,178.7426069294495,186.3183104574833,171.80768272963155
2023-09-11,176.9391991943312,183.84042841923267,169.75446950421448
2023-09-12,176.43688144740656,183.29062536868722,169.49202779193425
2023-09-13,175.8464852943721,182.32349974059315,168.63676025203077
2023-09-14,175.22577622950087,181.97094477767374,167.71078417815923
2023-09-15,175.06930072150453,182.3421488319965,168.10700204434212
2023-09-18,174.57437084646645,181.7221754217946,167.54245545836048
2023-09-19,174.53467263617586,181.3507299225187,167.13633095285363
2023-09-20,174.4126001797786,181.8373495034355,167.78675808485949
2023-09-21,174.26160637715125,181.31356681154858,167.00841014177325
2023-09-22,174.57221484369808,181.7828034428478,168.1825815784747
2023-09-25,174.595446062802,182.15930611535632,167.73620798491496
2023-09-26,174.70303462897564,181.37681948529362,167.80650529983234
2023-09-27,174.7125226947961,181.62600699695503,167.84031146128447
2023-09-28,174.67643119916357,181.63701035031897,167.603208004178
2023-09-29,175.08492042498054,181.45902068449013,167.54612621630645
2023-10-02,175.3037569652896,182.429196022459,168.30384439032977
2023-10-03,175.44740861778334,182.53671839602373,168.94659769086022
2023-10-04,175.4809986601979,182.7396103656766,168.358909920224
2023-10-05,175.45894582023942,182.4307318224897,168.64341026171675
2023-10-06,175.87341074769517,182.97084951379418,168.62703200766228
2023-10-09,176.08160612238586,182.80282872627373,169.14765099426873
2023-10-10,176.21820602295116,183.3315178312102,169.5597091287585
2023-10-11,176.24549168044828,183.4410180420278,169.48747321027628
2023-10-12,176.2189791608345,182.89564888795888,168.63898193613687
2023-10-13,176.6316189827488,184.02709178822982,169.84736851075928
2023-10-16,176.85335732067006,183.43667409355302,169.73039092741297
2023-10-17,177.00042687213747,183.7602786834183,170.1218751119725
2023-10-18,177.0403556025167,183.90515625951662,170.03481259978966
2023-10-19,177.02790960380986,184.04240293659433,169.61181875178102
2023-10-20,177.45519321116439,184.3137351469069,170.36511984265394
2023-10-23,177.71580909459635,185.23062222885585,170.8483534292183
2023-10-24,177.8717580733995,184.65187890951768,171.0667275952265
2023-10-25,177.91776552822606,185.41938678723713,170.73448752587998
2023-10-26,177.90851245413182,185.36227554590715,171.43104996994356
2023-10-27,178.3363200455634,185.2863850889428,170.81987990437398
2023-10-30,178.58955468471453,185.32949830793413,171.34546183948788
2023-10-31,178.7440273026841,186.12310742998525,171.47724261040338
2023-11-01,178.79176347736242,185.22511199027593,172.02924172402265
2023-11-02,178.78942078084276,185.978634341877,171.77658290127306
2023-11-03,179.2314452584839,186.31796522242462,172.21666622021442
2023-11-06,179.5930030517732,186.63785198215132,172.2457795585359
2023-11-07,179.81233563495078,186.88978871765482,172.70093371398139
2023-11-08,179.94220959099866,187.39626827203693,172.98248425272578
2023-11-09,180.04051584931162,187.43004235766483,173.00311005042224
2023-11-10,180.60247780681343,187.68853895575973,173.46997360677037
2023-11-13,181.4390946874204,188.97488141890867,174.48047499725587
2023-11-14,181.85194203007626,188.9454115872499,174.73848826130714
2023-11-15,182.1896486447051,189.157531345416,175.30019475292718
2023-11-16,182.50716594252157,189.0206427206793,175.72990485657346
2023-11-17,183.29616136629323,190.4249008580114,176.13660953194415
2023-11-20,184.81729310073632,192.14672853568135,177.69971167979386
2023-11-21,185.44289540114184,192.15978764975418,177.6405394141828
2023-11-22,185.97672701607232,192.76376509563806,179.6323074236187
2023-11-24,187.40381394804908,194.45225305394192,180.8532045383285
2023-11-27,189.15089779676413,196.4997982121147,182.26971041459095
2023-11-28,189.76682820210968,196.70483713911372,182.23361920714126
2023-11-29,190.24334418309365,196.93365480445792,183.47888985159227
2023-11-30,190.62810413247848,197.5525885003999,183.645599631033
2023-12-01,191.4065660223174,198.40526302698552,184.04251577204874
2023-12-04,192.38770161997266,199.17791684536277,185.77929549289377
2023-12-05,192.6578174715661,200.285318952223,185.50392316388897
2023-12-06,192.7497432874041,200.2989608757236,185.92518447029587
2023-12-07,192.7164751500437,199.5831575212786,185.7195415824945
2023-12-08,193.04965553039705,200.20400406542674,185.91168276183353
2023-12-11,192.60334794486857,199.42786355606046,185.16867994157033
2023-12-12,192.39340525067593,199.67359668707843,185.2453154803389
2023-12-13,192.01686769037008,198.88173771259392,184.48462196400277
2023-12-14,191.53493237593514,197.9120375043312,184.13055150131157
2023-12-15,191.44717053602008,198.31848535075906,184.98186116412364
2023-12-18,189.97597876872968,196.21157221960252,182.88416894077162
2023-12-19,189.52393175385626,197.1155716965632,182.6810842530223
2023-12-20,188.9628655865984,196.04438599291353,181.59318386174328
2023-12-21,188.3570742120501,195.4372047105362,181.4751386450932
2023-12-22,188.2080675417096,195.1299136230448,181.02426471229685
2023-12-26,186.66320568176207,193.82913618895614,179.8633008676293
2023-12-27,185.7757844730475,192.82274496428445,178.94243200408758
2023-12-28,184.8937637469113,191.8917989042767,177.7733015804382
2023-12-29,184.51316297402866,191.92806252075277,177.31830474372472
2024-01-02,182.35878965285735,189.19493138183026,174.50558444146563
2024-01-03,181.9292915818922,189.39623494209357,175.14478293376257
2024-01-04,181.50879146585083,188.18924484021892,174.7423128460983
2024-01-05,181.58667163475783,189.06851467828915,174.85196245298278
2024-01-08,181.11680815369158,188.08829466493341,173.95127690441697
2024-01-09,181.12210492739067,187.69423380103254,173.50156854441886
2024-01-10,181.0568036662445,188.11931076050348,174.12744278260396
2024-01-11,180.97117122334782,187.99749217848202,174.3540458744122
2024-01-12,181.3530902047346,188.64098676582194,174.62442426776497
2024-01-16,181.79492950959175,188.93170150836667,174.78902029233294
2024-01-17,181.88457839635373,188.9136977011943,174.7735461652099
2024-01-18,181.9294563969944,189.2007963472454,175.45271776114257
2024-01-19,182.42017328969595,189.54070974777017,176.09205231538007
2024-01-22,182.89955832584684,190.12735377667528,175.55995816666965
2024-01-23,183.13671654881313,190.20480124769168,176.0716892162724
2024-01-24,183.2677928099329,190.08450839200856,176.3077905720654
2024-01-25,183.34719331481716,190.28245288480062,176.14716390823176
2024-01-26,183.8666924461186,190.66634955320177,176.33349237950955
2024-01-29,184.40088863339255,191.1578723745883,176.98238461293664
2024-01-30,184.64379357180707,191.615204120142,177.80256992975063
2024-01-31,184.7719421131688,192.48665790724172,177.89673033970416
2024-02-01,184.8003021232921,192.17979269676903,178.1470980811292
2024-02-02,185.25537586888692,192.4199289502288,178.70762880213957
2024-02-05,185.48759328413138,192.74650199156144,178.1850069681904
2024-02-06,185.58405709232773,193.06382076293312,178.23712954011947
2024-02-07,185.53855192661595,192.5594905489759,178.55072049515965
2024-02-08,185.4012863045938,192.19237535936804,177.97568085831617
2024-02-09,185.66004048500938,192.8717815025885,178.51099100981682
2024-02-12,185.11544049755597,192.3274447207735,178.05319414059343
2024-02-13,184.8933460635666,192.20448336204674,177.73760689567837
2024-02-14,184.5032811850964,191.4661630673804,177.35408971957068
2024-02-15,183.99916265024686,190.6289199215918,176.99829754402842
2024-02-16,183.87339896515275,190.9575440635236,176.79499637643087
2024-02-20,181.51254031787832,188.4574068808975,174.19609492723004
2024-02-21,180.74541789351522,187.40081119736746,173.64548825177528
2024-02-22,179.88833303792177,187.25356667500972,172.6980006273343
2024-02-23,179.44158715074383,186.16117747062998,172.26312078741003
2024-02-26,176.99919775121282,184.6651687895099,169.8822789367868
2024-02-27,176.26203802772147,183.0888204520672,169.01241797921128
2024-02-28,175.43700711686202,182.03307985519768,168.29675621008246
2024-02-29,174.58952212143936,181.21591768408712,167.63048222902466
2024-03-01,174.222163175486,180.66011537685208,166.72851355513507
2024-03-04,172.4380671471966,179.46064819658073,165.20396621977864
2024-03-05,172.05340360489052,178.64982883178845,165.03359112259793
2024-03-06,171.64019632613034,178.66630286695687,165.32267099014055
2024-03-07,171.25742062677637,178.47046910886124,164.03323678405033
2024-03-08,171.39994478197391,178.9691714677334,164.29940210913344
2024-03-11,171.32368799221464,178.12040131678953,164.44005929465948
2024-03-12,171.53287393766425,179.26665353741208,164.45915079935935
2024-03-13,171.70723790157135,179.06637811617654,164.8808409270333
2024-03-14,171.89444305712212,179.44532635721632,164.6500668891466
2024-03-15,172.57828693164333,179.87824583867015,165.85013559748649
2024-03-18,173.8522021095707,181.13403544510965,166.585100328826
2024-03-19,174.3908415330698,181.61064190552756,166.84249395710424
2024-03-20,174.82270783438514,181.29214403181948,167.83086831725004
2024-03-21,175.19064385339735,182.52591111169153,168.20032753027718
2024-03-22,175.97524820040482,183.28964754727838,168.8731707184014
2024-03-25,177.06523780492194,183.92626519636138,169.93012479650852
2024-03-26,177.38694928360553,184.44631757622946,169.9804208546406
2024-03-27,177.5314197077008,184.24502592391582,170.12574436435193
2024-03-28,177.54815230251617,184.7775873739611,170.7537952777895
2024-04-01,177.55403476534374,185.05199813107325,170.59650490532186
2024-04-02,177.34334201647698,184.76004725081683,170.22091561311527
2024-04-03,176.9511302844045,183.6893685855774,169.77328041825993
2024-04-04,176.4378432364575,183.7985908408654,169.5931902074985
2024-04-05,176.3025794258415,183.25672552656098,169.09146949869768
2024-04-08,174.5903687502826,181.5242126141473,167.77505435051438
2024-04-09,174.025255109576,181.51202109598978,167.01403167503287
2024-04-10,173.94295128227677,180.9141665715814,167.11882366075739
2024-04-11,173.79981391508898,180.32121623940975,166.60229237869075
2024-04-12,174.0973335071991,180.98995187344,167.1735714405955
2024-04-15,174.06004726731786,180.96302989166304,166.80887239797397
2024-04-16,174.17161581048808,180.9963811212418,167.01450993034712
2024-04-17,174.21021913821454,180.99470006516336,166.78539796854656
2024-04-18,174.23431665305546,181.7301553360869,167.74769195737616
2024-04-19,174.73857970170306,181.1809417365511,167.68766189507642
2024-04-22,175.48109289235015,182.51583953922037,168.17364334750755
2024-04-23,175.87842325664798,183.2472993435496,168.4119255197168
2024-04-24,176.20205048815276,182.97402212047737,168.9241948251657
2024-04-25,176.5027221973703,183.64605660101782,169.88940423966002
2024-04-26,177.26800216628794,184.01723240026794,170.08826334242838
2024-04-29,178.6417395384127,185.76555668573758,171.69336905761546
2024-04-30,179.18448872292262,186.47384007876715,172.01297131464597
2024-05-01,179.61671660432242,186.49690881546488,172.50863677866198
2024-05-02,179.98838648032063,186.63729540407735,172.56002745270524
2024-05-03,180.7874786652948,187.35532932738562,173.6984087031877
2024-05-06,182.06044511062552,189.22030762041715,174.93876437120426
2024-05-07,182.51404557268333,189.61160441783144,175.14150806310707
2024-05-08,182.83723143680072,190.01593576578867,175.86025989139748
2024-05-09,183.08553523501254,190.20739836211547,175.71727923250248
2024-05-10,183.75281227524965,190.99601572514666,176.3966341503439
2024-05-13,184.6390063710896,191.83700406862314,177.85037872805384
2024-05-14,184.98528400148425,191.55952248988822,177.76770236831916
2024-05-15,185.22016323660554,191.93209258539952,177.83512503294835
2024-05-16,185.40311585256515,192.34462393051894,178.54597280813232
2024-05-17,186.0311107700566,193.15508200185482,178.7031091687924
2024-05-20,186.97310163817426,194.17630250190732,180.13814247776307
2024-05-21,187.3967355951713,194.03999055376676,180.53482857416398
2024-05-22,187.73638968943325,195.31617137541784,180.94559309271733
2024-05-23,188.0490185570393,195.40473373740875,181.3403936576627
2024-05-24,188.82829952803039,196.29822683852245,181.271557697389
2024-05-28,190.92927103114448,198.02185572039934,184.37481049546673
2024-05-29,191.46090392942014,198.84700325500782,184.4602075279942
2024-05-30,191.95873454446678,198.91220293227914,184.998510011067
2024-05-31,192.9117445242805,199.43129162239933,185.92084814865737
2024-06-03,194.807929754665,202.01883594580838,187.49799590562608
2024-06-04,195.51671739833677,202.2724929678351,188.50028680443467
2024-06-05,196.11359971421615,202.89827937547432,188.7301943305816
2024-06-06,196.6500228945351,203.4205431407644,189.77068921413021
2024-06-07,197.61532630320977,204.7379958276765,190.4531841760578
2024-06-10,199.4069576057589,206.097965760412,192.5556950280777
2024-06-11,200.04301979983077,207.13729980915485,192.80304784638238
2024-06-12,200.55444645676954,207.02949280587993,193.78193771309333
2024-06-13,200.99709057123076,208.0325456574844,194.32608865435336
2024-06-14,201.86495039464768,209.19437244982004,194.77511684667928
2024-06-17,203.3892834662606,210.54677058127484,196.65686185227372
2024-06-18,203.95928140885766,211.05504498145402,197.05567335438283
2024-06-20,204.83761118648965,212.0944709094268,197.69897571478168
2024-06-21,205.7007960842359,212.68368881190747,198.4022721568239
2024-06-24,207.35622089139463,214.30931697920337,200.5374882579748
2024-06-25,208.01634274760949,215.0355585127097,200.3500836472854
2024-06-26,208.58957507035328,215.3107369931013,201.34133172698583
2024-06-27,209.13135340533213,215.51782973755087,201.74311115038654
2024-06-28,210.1337179990159,216.87718788700465,203.65320615471288
2024-07-01,212.23193738006796,219.00501006523808,205.02308306138687
2024-07-02,213.02936559292567,219.90319474818776,206.15476663532786
2024-07-03,213.72494217848717,220.97796897223617,206.40849127515253
2024-07-05,215.44599323056568,222.6177798978148,209.05804680277703
2024-07-08,217.56585547701684,224.46220852262078,210.49432529523867
2024-07-09,218.2905353157808,225.47217196240507,211.30386989428203
2024-07-10,218.86976274379697,225.35444131595023,211.4843755172902
2024-07-11,219.35257504487447,226.4124729978464,212.33612779466543
2024-07-12,220.22604551910288,227.0526906863142,213.1883628397772
2024-07-15,221.49336925302435,228.50633534777643,214.35018453471096
2024-07-16,221.86665157521713,228.8011926601488,214.89719523432566
2024-07-17,222.06963999967945,228.956860747252,215.21290233332033
2024-07-18,222.15782494234776,229.304704393746,215.32438259740817
2024-07-19,222.62531975160198,229.67221127741055,215.60882778393977
2024-07-22,222.68209475183315,230.2979806094049,215.76111745127042
2024-07-23,222.67982616202775,229.07553106513495,215.65568673728544
2024-07-24,222.53348893426454,229.40220947121267,215.61302231639317
2024-07-25,222.30521152620423,229.06006552858585,214.90029447514806
2024-07-26,222.4950253109964,229.6241198297028,215.80734925126302
2024-07-29,221.99672450038537,229.1339414324037,214.87804019057896
2024-07-30,221.91173864803577,229.4084892507799,215.1898497632197
2024-07-31,221.73567205840084,228.3538791645668,214.8283246676481
2024-08-01,221.52988183825275,228.61424237507612,214.71604369651723
2024-08-02,221.79238968811626,228.55699456343086,214.92056788069212
2024-08-05,221.77600015623338,229.13980488183498,214.5227147409065
2024-08-06,221.92204657538946,229.44098813934758,214.94429760111697
2024-08-07,222.00136549417948,228.98760982801355,214.5935436643805
2024-08-08,222.06790538516086,229.7141434313825,214.8487508290999
2024-08-09,222.61193391635112,229.97285198050153,215.7292468775705
2024-08-12,223.41664293171445,230.0987403447367,216.19196081483486
2024-08-13,223.80337837335014,230.80791307779046,217.13251929345648
2024-08-14,224.0954446793873,231.37027069270195,216.42879324717987
2024-08-15,224.34097749364346,231.43652143436788,217.16528077346845
2024-08-16,225.02533181446913,232.15479754705484,218.2936833780648
2024-08-19,225.98554879159457,232.84424703985286,218.90218777882146
2024-08-20,226.3301496556914,233.77818242153657,219.2553076726484
2024-08-21,226.5332803458792,233.68363818024105,219.79301450270106
2024-08-22,226.64490910835463,233.42166231255925,219.03225251117985
2024-08-23,227.15329489797438,234.46316106140407,220.10416617986797
2024-08-26,227.37625685400855,233.86453695765658,220.45277662531788
2024-08-27,227.42344155221676,234.8087563754933,220.09417595156177
2024-08-28,227.3137447075618,234.4775832687358,220.5491895531341
2024-08-29,227.10385762402007,234.40053425825099,219.9849808828548
2024-08-30,227.28883514162578,234.0406562244749,220.29110758769605
2024-09-03,226.37553190898046,233.3955798036505,219.0305890287745
2024-09-04,226.02596730898347,232.7629942383607,219.2371660319462
2024-09-05,225.60774010755765,233.04948531095587,218.11016570824557
2024-09-06,225.61907016493396,232.19459128475046,218.32945819807497
2024-09-09,224.6311817809066,231.42233067046078,218.00296224316673
2024-09-10,224.38950641267903,231.32520687551104,217.26600292259172
2024-09-11,224.05533015879493,231.14111172411057,216.94982905525512
2024-09-12,223.68723033946802,230.4018718354249,216.57187223131075
2024-09-13,223.78060199026694,230.8953153146989,216.72702627078334
2024-09-16,223.19390308425858,230.35030436100098,216.08056715532794
2024-09-17,223.12362990579481,230.23829691913986,215.8896355732565
2024-09-18,222.97219435351775,230.00732620220782,216.10392985406128
2024-09-19,222.79365055762523,229.9204911671732,215.77963996914738
2024-09-20,223.07902474319985,229.82071543267762,215.87655112060048
2024-09-23,223.04385325625074,229.94167740239956,216.14415814043272
2024-09-24,223.1383232884132,230.0423647602658,216.0502299655186
2024-09-25,223.13789203021886,230.3855638395218,215.8368473377154
2024-09-26,223.09495039519612,230.8434265681686,215.9631847392942
2024-09-27,223.49944727420637,230.4143915973671,216.5979811682489
2024-09-30,223.72041794971025,230.7418609185109,216.90904329184548
2024-10-01,223.86827606624087,230.92514590921718,216.81456532926572
2024-10-02,223.90717449860037,230.86803399989682,216.27181743866288
2024-10-03,223.89115309321565,231.19470271151104,216.56240384124416
2024-10-04,224.31201946841705,231.53444582117257,216.9919714056546
2024-10-07,224.53873614476825,232.11473403192312,217.55116324661583
2024-10-08,224.68058104801437,231.57215551804885,217.6170137079621
2024-10-09,224.71244637115234,231.84762041912916,218.21294712931524
2024-10-10,224.68981925151306,231.78050147842902,218.11854287562
2024-10-11,225.10567845081408,232.68426859765657,218.20109962375153
2024-10-14,225.33407241564197,232.69261656771317,218.2793742076582
2024-10-15,225.48286039927922,232.79949337023325,218.32034840631923
2024-10-16,225.52455200903478,232.9041525597235,218.80412056111277
2024-10-17,225.5140897751842,232.58493387551493,218.38171463003297
2024-10-18,225.94373627683171,233.24084408010373,218.69958421164804
2024-10-21,226.2147762935044,233.5399342296967,219.4063168902551
2024-10-22,226.375422790558,233.38309481610975,219.29412424857435
2024-10-23,226.42664847693175,232.94784870719883,219.25756956731118
2024-10-24,226.422984200585,233.5772507972883,219.43884360382128
2024-10-25,226.85653701731297,234.2493734527033,219.7670627605117
2024-10-28,227.12494400581608,233.2984430131334,219.69434417169177
2024-10-29,227.28255811823388,234.13836987840648,220.1791628586678
2024-10-30,227.33179132331858,234.6671744364287,220.47127190274182
2024-10-31,227.3288764934103,234.41200555176692,219.57040816658824
2024-11-01,227.7678496489179,234.84763699955099,220.4707008997382
2024-11-04,228.1018689419628,234.70922581959007,221.3420341432966
2024-11-05,228.30504177047746,235.55835334219702,221.265315259514
2024-11-06,228.4150539536939,235.28107045543177,221.44850429422314
2024-11-07,228.48982574605637,235.3046149163857,221.45921851425607
2024-11-08,229.02472805743847,235.7686050700464,222.04195913831865
2024-11-11,229.76235762052795,237.12630990175134,222.99105509882267
2024-11-12,230.13800672222507,237.17970837461667,222.5156478410544
2024-11-13,230.43757067176026,237.4593572981046,223.9453066974745
2024-11-14,230.71684623911966,237.46623092758975,223.2293136953143
2024-11-15,231.46842506393423,238.69333664369344,224.3223046081782
2024-11-18,232.89224194423795,239.9292386554562,225.67090527611083
2024-11-19,233.49379079519608,240.65448226871524,226.87924272919687
2024-11-20,234.00941209567173,240.83259193327348,227.10303667922997
2024-11-21,234.48948465026348,241.3366446112055,227.78816641370398
2024-11-22,235.42111956974298,242.5765153233329,228.5521184298353
2024-11-25,237.2078707004535,244.74799734674494,230.2747947595834
2024-11-26,237.85540021737552,244.99739814738425,230.7278630899024
2024-11-27,238.37287014608,245.27894692247338,231.1711707768961
2024-11-29,239.64508602574264,246.40220634185027,233.16773280828718
2024-12-02,240.84854634269166,247.42562873465766,233.58138047808112
2024-12-03,241.2047940530507,248.31818521166082,234.278700678644
2024-12-04,241.38686865280752,248.21231123046982,234.21567757344968
2024-12-05,241.4463819641605,248.53847459089528,234.36029551849217
2024-12-06,241.873506044834,249.46701515559772,234.8586617726403
2024-12-09,241.70067602135092,249.01134075834366,235.03222274237635
2024-12-10,241.57402633053607,248.18062196950382,234.60854925653007
2024-12-11,241.27443974265478,247.8183924089543,234.2784664500179
2024-12-12,240.8618153507608,248.0906791665017,233.87513388765154
2024-12-13,240.83456619414204,248.44716415327454,233.73301448591948
2024-12-14,238.7022395065587,245.72067101831453,231.75800779799138
2024-12-15,238.28822902359062,245.11592547701926,231.3203495667698
2024-12-16,239.48314746147463,246.35744745852938,232.36615492107757
2024-12-17,239.048442839662,246.15206506117642,232.2714320410594
2024-12-18,238.4929722254239,246.04372498878988,231.5428875206141
2024-12-19,237.88109084850302,245.04492395742275,231.50032500336982
2024-12-20,237.7145897300037,244.7665170054456,230.20127247138126
2024-12-21,235.5052484749699,242.3198317889919,228.72360731003724
2024-12-22,235.07750812396955,241.9360028864257,228.3430863612296
2024-12-23,236.32183313395052,243.90632128550322,229.55064664276884
2024-12-24,235.99834632421056,243.33558160036594,229.53054673139346
2024-12-25,235.61344972867138,242.68007389280947,228.64788406246169
2024-12-26,235.22798788167322,242.13171234608637,228.04519453713846
2024-12-27,235.33928451632514,242.2929126355798,228.4907680207265
2024-12-28,233.45381647690496,240.11828235953112,226.35644721688251
2024-12-29,233.39002629071967,239.91639994423704,225.9786392902707
2024-12-30,235.0318385171576,242.32672504784827,227.977468869939
2024-12-31,235.13245936782252,242.54090345495936,228.29599144255627
2025-01-01,235.1911679333439,242.1775215748299,228.0237838264117
2025-01-02,235.26165080744067,242.45767937771848,227.6970721714856
2025-01-03,235.83420635721512,243.16951714937008,228.53293066269583
2025-01-04,234.40857785445382,241.4365430932584,227.0159473503329
2025-01-05,234.79691260329878,241.94548842880636,227.4273969150916
2025-01-06,236.87740827357393,243.94326263201737,229.37159092987446
2025-01-07,237.39822254010286,244.67897717377232,230.5204979913001
2025-01-08,237.85435158354895,245.41947511609624,230.39530571175186
2025-01-09,238.29602715651973,245.43722355833236,230.87964657909095
2025-01-10,239.2109571306025,245.66430458726444,231.58692025030757
2025-01-11,238.0971681962841,245.1896328946966,230.5966046501967
2025-01-12,238.76594811324105,246.12644246932348,231.26307812465234
